"MCC","MNC","TADIG_CODE","CC","OPERATOR_COUNTRY","OPERATOR_NAME","POPULATION_DATE_TIME","UPDATE_DATE_TIME"
"","","AFGAW","","AFGHANISTAN","AFGHAN WIRELESS COMMUNICATION COMPANY 'AWCC'","14/02/2023 13:10:00","14/02/2023 13:10:00"
"","","AFGAR","","AFGHANISTAN","AREEBA MTN","14/02/2023 13:10:00","14/02/2023 13:10:00"
"","","AFGTD","","AFGHANISTAN","TDCA","14/02/2023 13:10:00","14/02/2023 13:10:00"
"","","AFGEA","","AFGHANISTAN","ETISALAT AFGHANISTAN","14/02/2023 13:10:00","14/02/2023 13:10:00"
"","","FINAM","","ALANDS ISLANDS (FINLAND)","ALANDS MOBILTELEFON AB","14/02/2023 13:10:00","14/02/2023 13:10:00"
"","","ALBAM","","ALBANIA","AMC (ALBANIAN MOBILE COMMUNICATIONS)","14/02/2023 13:10:00","14/02/2023 13:10:00"
"","","ALBVF","","ALBANIA","VODAFONE","14/02/2023 13:10:00","14/02/2023 13:10:00"
"","","ALBEM","","ALBANIA","EAGLE MOBILE SH.A","14/02/2023 13:10:00","14/02/2023 13:10:00"
"","","DZAOT","","ALGERIA","DJEZZY (ORASCOM)","14/02/2023 13:10:00","14/02/2023 13:10:00"
"","","DZAA1","","ALGERIA","ATM (MOBILIS) (EX-PTT Algeria)","14/02/2023 13:10:00","14/02/2023 13:10:00"
"","","DZAWT","","ALGERIA","WATANIYA TELECOM ALGERIE S.P.A.","14/02/2023 13:10:00","14/02/2023 13:10:00"
"","","ANDMA","","ANDORRA","STA (SERVEI DE TELECOMUNICACIONS D'ANDORA)","14/02/2023 13:10:00","14/02/2023 13:10:00"
"","","AGOUT","","ANGOLA","UNITEL SARL","14/02/2023 13:10:00","14/02/2023 13:10:00"
"","","JAMDC","","ANGUILLA","DIGICEL","14/02/2023 13:10:00","14/02/2023 13:10:00"
"","","AIACW","","ANGUILLA","CABLE & WIRELESS (WEST INDIES)","14/02/2023 13:10:00","14/02/2023 13:10:00"
"","","ATG03","","ANTIGUA & BARBUDA","APUA (ANTIGUA PUBLIC UTILITIES AUTHORITY LTD)","14/02/2023 13:10:00","14/02/2023 13:10:00"
"","","JAMDC","","ANTIGUA & BARBUDA","DIGICEL","14/02/2023 13:10:00","14/02/2023 13:10:00"
"","","ATGCW","","ANTIGUA & BARBUDA","CABLE & WIRELESS (WEST INDIES) ","14/02/2023 13:10:00","14/02/2023 13:10:00"
"","","ARGCM","","ARGENTINA","AMX ARGENTINA S.A. 'CLARO' ","14/02/2023 13:10:00","14/02/2023 13:10:00"
"","","ARGTP","","ARGENTINA","TELECOM PERSONAL SA","14/02/2023 13:10:00","14/02/2023 13:10:00"
"","","ARGNC","","ARGENTINA","NEXTEL COMMUNICATIONS ARGENTINA SA ","14/02/2023 13:10:00","14/02/2023 13:10:00"
"","","ARGTM","","ARGENTINA","TELEFÓNICA MOVILES ARGENTINA S.A","14/02/2023 13:10:00","14/02/2023 13:10:00"
"","","ARM01","","ARMENIA","ARMENTEL (ARMENIA TELEPHONE COMPANY)","14/02/2023 13:10:00","14/02/2023 13:10:00"
"","","ARM05","","ARMENIA","K TELECOM CJSC 'VIVACELL'","14/02/2023 13:10:00","14/02/2023 13:10:00"
"","","ARMOR","","ARMENIA","ORANGE ARMENIA CJSC","14/02/2023 13:10:00","14/02/2023 13:10:00"
"","","JAMDC","","ARUBA","DIGICEL","14/02/2023 13:10:00","14/02/2023 13:10:00"
"","","ABWDC","","ARUBA","DIGICEL","14/02/2023 13:10:00","14/02/2023 13:10:00"
"","","ABWSE","","ARUBA","SERVICIO DI TEL. DI ARUBA (SETAR) N.V","14/02/2023 13:10:00","14/02/2023 13:10:00"
"","","AUSOP","","AUSTRALIA","OPTUS 'YES'","14/02/2023 13:10:00","14/02/2023 13:10:00"
"","","AUSTA","","AUSTRALIA","TELSTRA CORPORATION LTD","14/02/2023 13:10:00","14/02/2023 13:10:00"
"","","AUSVF","","AUSTRALIA","VODAFONE NETWORK PTY LTD","14/02/2023 13:10:00","14/02/2023 13:10:00"
"","","AUSHU","","AUSTRALIA","HUTCHISON 3G AUSTRALIA PTY LTD ","14/02/2023 13:10:00","14/02/2023 13:10:00"
"","","AUTCA","","AUSTRIA ","ORANGE AUSTRIA TELECOMMUNICATION GMBH","14/02/2023 13:10:00","14/02/2023 13:10:00"
"","","AUTMM","","AUSTRIA","T-MOBILE AUSTRIA GMBH","14/02/2023 13:10:00","14/02/2023 13:10:00"
"","","AUTPT","","AUSTRIA","A1 Telekom Austria AG ","14/02/2023 13:10:00","14/02/2023 13:10:00"
"","","AUTMK","","AUSTRIA","A1 Telekom Austria AG ","14/02/2023 13:10:00","14/02/2023 13:10:00"
"","","AUTTR","","AUSTRIA","T-MOBILE AUSTRIA GMBH ","14/02/2023 13:10:00","14/02/2023 13:10:00"
"","","AUTHU","","AUSTRIA","HUTCHISON 3G AUSTRIA GMBH","14/02/2023 13:10:00","14/02/2023 13:10:00"
"","","AZEAC","","AZERBAIJAN","AZERCELL TELECOM BM","14/02/2023 13:10:00","14/02/2023 13:10:00"
"","","AZEBC","","AZERBAIJAN","BAKCELL LTD","14/02/2023 13:10:00","14/02/2023 13:10:00"
"","","AZEAF","","AZERBAIJAN","AZERFON LLC","14/02/2023 13:10:00","14/02/2023 13:10:00"
"","","BHSBH","","BAHAMAS","THE BAHAMAS TEL. CY LTD. 'BTC'","14/02/2023 13:10:00","14/02/2023 13:10:00"
"","","BHRBT","","BAHRAIN","BATELCO (BAHRAIN TEL.CY)","14/02/2023 13:10:00","14/02/2023 13:10:00"
"","","BHRST","","BAHRAIN","VIVA BAHRAIN","14/02/2023 13:10:00","14/02/2023 13:10:00"
"","","BHRMV","","BAHRAIN","ZAIN BH (MTC VODAFONE)","14/02/2023 13:10:00","14/02/2023 13:10:00"
"","","BGDGP","","BANGLADESH","GRAMEENPHONE LIMITED","14/02/2023 13:10:00","14/02/2023 13:10:00"
"","","BGDBL/EGY","","BANGLADESH","BANGLALINK (NOTE! DUAL IMSI via MOBINIL EGYPT)","14/02/2023 13:10:00","14/02/2023 13:10:00"
"","","BGDAK","","BANGLADESH","AXIATA (BANGLADESH) LTD 'ROBI' ","14/02/2023 13:10:00","14/02/2023 13:10:00"
"","","JAMDC","","BARBADOS","DIGICEL","14/02/2023 13:10:00","14/02/2023 13:10:00"
"","","BRBCW","","BARBADOS","CABLE & WIRELESS (WEST INDIES)","14/02/2023 13:10:00","14/02/2023 13:10:00"
"","","BLRMD","","BELARUS","MDC (JV MOBILE DIGITAL COMMUNICATIONS LTD)","14/02/2023 13:10:00","14/02/2023 13:10:00"
"","","BLR02","","BELARUS","MOBILE TELESYSTEMS JLLC","14/02/2023 13:10:00","14/02/2023 13:10:00"
"","","BLRBT","","BELARUS","BELARUSIAN TEL. NETWORK CJSC - BeST ","14/02/2023 13:10:00","14/02/2023 13:10:00"
"","","BLZ67","","BELIZE","BELIZE TELEMEDIA LTD","14/02/2023 13:10:00","14/02/2023 13:10:00"
"","","BEN02","","BENIN","MOOV (ex-TELECEL)","14/02/2023 13:10:00","14/02/2023 13:10:00"
"","","BENSP","","BENIN","SPACETEL-BENIN S.A. (MTN BENIN)","14/02/2023 13:10:00","14/02/2023 13:10:00"
"","","BENLI","","BENIN","BENIN TELECOM S.A (Libercom)","14/02/2023 13:10:00","14/02/2023 13:10:00"
"","","JAMDC","","BERMUDA ","DIGICEL","14/02/2023 13:10:00","14/02/2023 13:10:00"
"","","BMU01","","BERMUDA ","CINGULAR WIRELESS MARITIME SERVICE","14/02/2023 13:10:00","14/02/2023 13:10:00"
"","","BMUNI","","BERMUDA ","M3 WIRELESS LIMITED","14/02/2023 13:10:00","14/02/2023 13:10:00"
"","","BTNBM","","BHUTAN","B-MOBILE","14/02/2023 13:10:00","14/02/2023 13:10:00"
"","","BTNTC","","BHUTAN","TASHI INFOCOMM Ltd","14/02/2023 13:10:00","14/02/2023 13:10:00"
"","","BOLME","","BOLIVIA","ENTEL SA","14/02/2023 13:10:00","14/02/2023 13:10:00"
"","","BOLNT","","BOLIVIA","NUEVATEL PCS de BOLIVIA S.A.","14/02/2023 13:10:00","14/02/2023 13:10:00"
"","","ANTCT","","BONAIRE","DIGICEL (ex-CURACAO TELECOM)","14/02/2023 13:10:00","14/02/2023 13:10:00"
"","","BIHPT","","BOSNIA & HERZEGOVINA","BH TELECOM (ex-PTT BIH)","14/02/2023 13:10:00","14/02/2023 13:10:00"
"","","BIHMS","","BOSNIA & HERZEGOVINA","RS TELECOMMUNICATIONS, JSC BANJA LUKA 'M:TEL' ","14/02/2023 13:10:00","14/02/2023 13:10:00"
"","","BIHER","","BOSNIA & HERZEGOVINA","PUBLIC ENTREPRISE CROATIAN TEL.LTD. 'HT ERONET'  ","14/02/2023 13:10:00","14/02/2023 13:10:00"
"","","BWAGA","","BOTSWANA","MTN (MASCOM)","14/02/2023 13:10:00","14/02/2023 13:10:00"
"","","BWAVC","","BOTSWANA","ORANGE","14/02/2023 13:10:00","14/02/2023 13:10:00"
"","","BWABC","","BOTSWANA","BOTSWANA COMMUNICATIONS CORP.","14/02/2023 13:10:00","14/02/2023 13:10:00"
"","","BRASP","","BRAZIL","TIM BRASIL SAO PAULO","14/02/2023 13:10:00","14/02/2023 13:10:00"
"","","BRACS","","BRAZIL","TIM BRASIL CENTRO SUL SA","14/02/2023 13:10:00","14/02/2023 13:10:00"
"","","BRARN","","BRAZIL","TIM BRASIL RIO NORTE SA","14/02/2023 13:10:00","14/02/2023 13:10:00"
"","","BRABT","","BRAZIL","BRASIL TELECOM CELLULAR SA","14/02/2023 13:10:00","14/02/2023 13:10:00"
"","","BRATM","","BRAZIL","OI (""TNL PCS BRAZIL"")","14/02/2023 13:10:00","14/02/2023 13:10:00"
"","","BRACL","","BRAZIL","CLARO SA (""BRAZIL TELECOM CELLULAR"")","14/02/2023 13:10:00","14/02/2023 13:10:00"
"","","BRANC","","BRAZIL","NEXTEL TELECOMUNICACOES LTDA ","14/02/2023 13:10:00","14/02/2023 13:10:00"
"","","BRAV1","","BRAZIL","VIVO S.A.","14/02/2023 13:10:00","14/02/2023 13:10:00"
"","","BRAV2","","BRAZIL","VIVO S.A.","14/02/2023 13:10:00","14/02/2023 13:10:00"
"","","BRAV3","","BRAZIL","VIVO S.A.","14/02/2023 13:10:00","14/02/2023 13:10:00"
"","","BRATC","","BRAZIL","VIVO S.A.","14/02/2023 13:10:00","14/02/2023 13:10:00"
"","","VGBCC","","BRITISH VIRGIN ISLANDS (The)","CARRIBEAN CELLULAR TELEPHONE 'CCT'","14/02/2023 13:10:00","14/02/2023 13:10:00"
"","","JAMDC","","BRITISH VIRGIN ISLANDS (The)","DIGICEL","14/02/2023 13:10:00","14/02/2023 13:10:00"
"","","VGBCW","","BRITISH VIRGIN ISLANDS (The)","CABLE & WIRELESS (WEST INDIES)","14/02/2023 13:10:00","14/02/2023 13:10:00"
"","","BRNDS","","BRUNEI","DST COMMUNICATIONS SDN BHD","14/02/2023 13:10:00","14/02/2023 13:10:00"
"","","BGRVA","","BULGARIA","VIVACOM (BTC MOBILE EOOD)","14/02/2023 13:10:00","14/02/2023 13:10:00"
"","","BGRCM","","BULGARIA","GLOBUL (COSMO BULGARIA MOBILE EAD)","14/02/2023 13:10:00","14/02/2023 13:10:00"
"","","BGR01","","BULGARIA","MOBILTEL EAD","14/02/2023 13:10:00","14/02/2023 13:10:00"
"","","BFACT","","BURKINA FASO","AIRTEL BURKINA FASO GSM NETWORK ","14/02/2023 13:10:00","14/02/2023 13:10:00"
"","","BFAON","","BURKINA FASO","ONATEL","14/02/2023 13:10:00","14/02/2023 13:10:00"
"","","BDITL","","BURUNDI","UCOM (TELECEL BURUNDI)","14/02/2023 13:10:00","14/02/2023 13:10:00"
"","","BDIET","","BURUNDI","ECONET WIRELESS BURUNDI SA ","14/02/2023 13:10:00","14/02/2023 13:10:00"
"","","BDI02","","BURUNDI","AFRICELL PLC COMPANY","14/02/2023 13:10:00","14/02/2023 13:10:00"
"","","KHMGM","","CAMBODIA","CAMGSM","14/02/2023 13:10:00","14/02/2023 13:10:00"
"","","KHMSH","","CAMBODIA","MFONE CO. LTD ","14/02/2023 13:10:00","14/02/2023 13:10:00"
"","","KHMST","","CAMBODIA","SOTELCO Ltd ","14/02/2023 13:10:00","14/02/2023 13:10:00"
"","","KHML1","","CAMBODIA","LATELZ CO. Ltd. ""SMART""","14/02/2023 13:10:00","14/02/2023 13:10:00"
"","","CMR02","","CAMEROON","ORANGE CAMEROUN SA (ex-SCM)","14/02/2023 13:10:00","14/02/2023 13:10:00"
"","","CMRMT","","CAMEROON","MTN CAMEROON","14/02/2023 13:10:00","14/02/2023 13:10:00"
"","","CANMC","","CANADA","ROGERS WIRELESS ","14/02/2023 13:10:00","14/02/2023 13:10:00"
"","","CANRW","","CANADA","ROGERS WIRELESS Inc.","14/02/2023 13:10:00","14/02/2023 13:10:00"
"","","CANBM","","CANADA","BELL MOBILITY INC.","14/02/2023 13:10:00","14/02/2023 13:10:00"
"","","CANVT","","CANADA","VIDEOTRON LTD","14/02/2023 13:10:00","14/02/2023 13:10:00"
"","","CANTS","","CANADA","TELUS","14/02/2023 13:10:00","14/02/2023 13:10:00"
"","","CANEL","","CANADA","BRAGG COMMUNICATIONS COMPANY Inc. EASTLINK","14/02/2023 13:10:00","14/02/2023 13:10:00"
"","","CPVCV","","CAPE VERDE","CV MOVEL, SA ( ex-CABO VERDE TELECOM)","14/02/2023 13:10:00","14/02/2023 13:10:00"
"","","CPVTM","","CAPE VERDE","T+ TELECOMUNICAÇÕES","14/02/2023 13:10:00","14/02/2023 13:10:00"
"","","JAMDC","","CAYMAN ISLANDS","DIGICEL","14/02/2023 13:10:00","14/02/2023 13:10:00"
"","","CYMCW","","CAYMAN ISLANDS","CABLE & WIRELESS (WEST INDIES)","14/02/2023 13:10:00","14/02/2023 13:10:00"
"","","CAF02","","CENTRAL AFRICAN REPUBLIC","TELECEL","14/02/2023 13:10:00","14/02/2023 13:10:00"
"","","CAF03","","CENTRAL AFRICAN REPUBLIC","ORANGE CENTRAFRIQUE","14/02/2023 13:10:00","14/02/2023 13:10:00"
"","","CAFAT","","CENTRAL AFRICAN REPUBLIC","ATLANTIQUE TELECOM CENTRAFRIQUE","14/02/2023 13:10:00","14/02/2023 13:10:00"
"","","TCDML","","CHAD","MILLICOM TCHAD","14/02/2023 13:10:00","14/02/2023 13:10:00"
"","","TCDCT","","CHAD","AIRTEL (CELTEL TCHAD SA)","14/02/2023 13:10:00","14/02/2023 13:10:00"
"","","CHLPC","","CHILE","ENTEL PCS TELECOMUNICACIONES S.A.","14/02/2023 13:10:00","14/02/2023 13:10:00"
"","","CHLMV","","CHILE","ENTEL TELEFONIA MOVIL SA","14/02/2023 13:10:00","14/02/2023 13:10:00"
"","","CHLSM","","CHILE","CLARO CHILE SA (ex-SMARTCOM S.A.)","14/02/2023 13:10:00","14/02/2023 13:10:00"
"","","CHLTM","","CHILE","TELEFONICA MOVILES CHILE SA","14/02/2023 13:10:00","14/02/2023 13:10:00"
"","","CHLB2","","CHILE","TELEFONICA MOVILES CHILE SA","14/02/2023 13:10:00","14/02/2023 13:10:00"
"","","CHNCT","","CHINA","CHINA MOBILE COMMUNCIATION CORPORATION","14/02/2023 13:10:00","14/02/2023 13:10:00"
"","","CHNCM","","CHINA","CHINA MOBILE COMMUNCIATION CORPORATION","14/02/2023 13:10:00","14/02/2023 13:10:00"
"","","CHNTD","","CHINA","CHINA MOBILE COMMUNCIATION CORPORATION","14/02/2023 13:10:00","14/02/2023 13:10:00"
"","","CHNCU","","CHINA ","CHINA UNICOM CORPORATION LTD","14/02/2023 13:10:00","14/02/2023 13:10:00"
"","","COLCO","","COLOMBIA","COLOMBIA MOVIL SA ESP","14/02/2023 13:10:00","14/02/2023 13:10:00"
"","","COLCM","","COLOMBIA","COMCEL S.A.","14/02/2023 13:10:00","14/02/2023 13:10:00"
"","","COLTM","","COLOMBIA","TELEFÓNICA MÓVILES COLOMBIA S.A.","14/02/2023 13:10:00","14/02/2023 13:10:00"
"","","COMHR","","COMOROS","COMORES TELECOM","14/02/2023 13:10:00","14/02/2023 13:10:00"
"","","COGCT","","CONGO (Republic of Congo) COG","AIRTEL (CELTEL CONGO SA)","14/02/2023 13:10:00","14/02/2023 13:10:00"
"","","COGLB","","CONGO (Republic of Congo) COG","LIBERTIS TELECOM 'MTN'","14/02/2023 13:10:00","14/02/2023 13:10:00"
"","","COGWC","","CONGO (Republic of Congo) COG","WARID Congo S.A","14/02/2023 13:10:00","14/02/2023 13:10:00"
"","","CODVC","","CONGO (Dem. Rep.Congo) COD-RDC","VODACOM CONGO RDC SPRL","14/02/2023 13:10:00","14/02/2023 13:10:00"
"","","CODCT","","CONGO (Dem. Rep.Congo) COD-RDC","AIRTEL (CELTEL CONGO SARL)","14/02/2023 13:10:00","14/02/2023 13:10:00"
"","","CODSA","","CONGO (Dem. Rep.Congo) COD-RDC","OASIS SPRL 'TIGO'","14/02/2023 13:10:00","14/02/2023 13:10:00"
"","","CRICR","","COSTA RICA","ICE (INSTITUTO COSTARRICENSE DE ELECTRICIDAD)","14/02/2023 13:10:00","14/02/2023 13:10:00"
"","","CRICE","","COSTA RICA","ICE (INSTITUTO COSTARRICENSE DE ELECTRICIDAD)","14/02/2023 13:10:00","14/02/2023 13:10:00"
"","","CRICL","","COSTA RICA","CLARO CR TELECOMUNICACIONES S.A.","14/02/2023 13:10:00","14/02/2023 13:10:00"
"","","CRITC","","COSTA RICA","TELEFONICA","14/02/2023 13:10:00","14/02/2023 13:10:00"
"","","HRVCN","","CROATIA","T-MOBILE Croatia LLC ","14/02/2023 13:10:00","14/02/2023 13:10:00"
"","","HRVVI","","CROATIA","VIPnet D.O.O.","14/02/2023 13:10:00","14/02/2023 13:10:00"
"","","HRVT2","","CROATIA","TELE2 D.O.O. TELEKUMUNIKACIJSKE ULUGE CROATIA","14/02/2023 13:10:00","14/02/2023 13:10:00"
"","","NORMC","","CRUISESHIPS AND FERRIES","MARITIME COMMUNICATION PARTNER (*)","14/02/2023 13:10:00","14/02/2023 13:10:00"
"","","BMU01","","CRUISESHIPS AND FERRIES","CINGULAR WIRELESS MARITIME SERVICE","14/02/2023 13:10:00","14/02/2023 13:10:00"
"","","GBRMS","","CRUISESHIPS AND FERRIES","JERSEY TELECOMS LTD MARITIME SERVICE 'NAVITAS'","14/02/2023 13:10:00","14/02/2023 13:10:00"
"","","ISLOC","","CRUISESHIPS AND FERRIES","SIMINN HF. MARITIME SERVICE 'ON WAVES'","14/02/2023 13:10:00","14/02/2023 13:10:00"
"","","AAM21","","CRUISESHIPS AND FERRIES","SEANET MARITIME COMMUNICATIONS AB","14/02/2023 13:10:00","14/02/2023 13:10:00"
"","","ITAGT","","CRUISESHIPS AND FERRIES","TELECOM ITALIA SPA - GSM on SHIP","14/02/2023 13:10:00","14/02/2023 13:10:00"
"","","SHIPS","","CRUISESHIPS AND FERRIES","MANX TELECOM MARITIME SERVICES","14/02/2023 13:10:00","14/02/2023 13:10:00"
"","","AAMOM","","CRUISESHIPS AND FERRIES","ONMARINE SWITZERLAND SARL","14/02/2023 13:10:00","14/02/2023 13:10:00"
"","","CUB01","","CUBA","C-COM (EMPRESA DE TEL. CELULARES DEL CARIBE SA)","14/02/2023 13:10:00","14/02/2023 13:10:00"
"","","ANTCT","","CURACAO (NETHER.ANTILLES)","DIGICEL (ex-CURACAO TELECOM)","14/02/2023 13:10:00","14/02/2023 13:10:00"
"","","CYPCT","","CYPRUS","CYTA (CYPRUS TELECOMMUNICATIONS AUTHORITY)","14/02/2023 13:10:00","14/02/2023 13:10:00"
"","","CYPSC","","CYPRUS","MTN AREEBA LTD","14/02/2023 13:10:00","14/02/2023 13:10:00"
"","","CZECM","","CZECH REPUBLIC","VODAFONE CZECH REPUBLIC ","14/02/2023 13:10:00","14/02/2023 13:10:00"
"","","CZEET","","CZECH REPUBLIC","TELEFONICA O2 CZECH REP AS ","14/02/2023 13:10:00","14/02/2023 13:10:00"
"","","CZERM","","CZECH REPUBLIC","T-MOBILE CZECH REPUBLIC AS","14/02/2023 13:10:00","14/02/2023 13:10:00"
"","","CZETT","","CZECH REPUBLIC","TRAVEL TELEKOMMUNIKATION SRO","14/02/2023 13:10:00","14/02/2023 13:10:00"
"","","DNKHU","","DENMARK","Hi3G ACCESS AB DENMARK","14/02/2023 13:10:00","14/02/2023 13:10:00"
"","","DNKDM","","DENMARK","TELENOR A/S (SONOFON)","14/02/2023 13:10:00","14/02/2023 13:10:00"
"","","DNKTD","","DENMARK","TDC A/S","14/02/2023 13:10:00","14/02/2023 13:10:00"
"","","DNKMX","","DENMARK","TELIA MOBILE (ex-ORANGE)","14/02/2023 13:10:00","14/02/2023 13:10:00"
"","","DNKIA","","DENMARK","TELIA MOBILE","14/02/2023 13:10:00","14/02/2023 13:10:00"
"","","DJIDJ","","DJIBOUTI","DJIBOUTI TELECOM","14/02/2023 13:10:00","14/02/2023 13:10:00"
"","","GLP01","","DOMINICA (Island of)","ORANGE CARAIBE","14/02/2023 13:10:00","14/02/2023 13:10:00"
"","","JAMDC","","DOMINICA (Island of)","DIGICEL","14/02/2023 13:10:00","14/02/2023 13:10:00"
"","","DMACW","","DOMINICA (Island of)","CABLE & WIRELESS (WEST INDIES)","14/02/2023 13:10:00","14/02/2023 13:10:00"
"","","DOM01","","DOMINICAN REPUBLIC","ORANGE DOMINICANA (ex-FT)","14/02/2023 13:10:00","14/02/2023 13:10:00"
"","","DOMCL","","DOMINICAN REPUBLIC","COMPANA DOMINICANA DE TEL.C. POR A. 'CLARO' ","14/02/2023 13:10:00","14/02/2023 13:10:00"
"","","DOMAC","","DOMINICAN REPUBLIC","TRILOGY DOMINICANA S.A.","14/02/2023 13:10:00","14/02/2023 13:10:00"
"","","ECUPG","","ECUADOR","CONECEL (CONSORCIO ECUATORIANO DE TEL. SA)","14/02/2023 13:10:00","14/02/2023 13:10:00"
"","","ECUOT","","ECUADOR","OTECEL S.A. ´Telefonica´ ","14/02/2023 13:10:00","14/02/2023 13:10:00"
"","","EGYEM","","EGYPT","ETISALAT MISR 'TIME'","14/02/2023 13:10:00","14/02/2023 13:10:00"
"","","EGYAR","","EGYPT","MOBINIL","14/02/2023 13:10:00","14/02/2023 13:10:00"
"","","EGYMS","","EGYPT","VODAFONE","14/02/2023 13:10:00","14/02/2023 13:10:00"
"","","SLVTP","","EL SALVADOR","CTE TELECOM PERSONAL 'CLARO'","14/02/2023 13:10:00","14/02/2023 13:10:00"
"","","SLVTM","","EL SALVADOR","TELEMOVIL EL SALVADOR S.A.","14/02/2023 13:10:00","14/02/2023 13:10:00"
"","","SLVDC","","EL SALVADOR","DIGICEL","14/02/2023 13:10:00","14/02/2023 13:10:00"
"","","SLVTS","","EL SALVADOR","TELEFONICA MOVILES EL SALVADOR, S.A. de C.V.","14/02/2023 13:10:00","14/02/2023 13:10:00"
"","","GNQ01","","EQUATORIAL GUINEA","GETESA","14/02/2023 13:10:00","14/02/2023 13:10:00"
"","","GNQHT","","EQUATORIAL GUINEA","HITS GUINEA EQUATORIAL S.A.","14/02/2023 13:10:00","14/02/2023 13:10:00"
"","","ESTRE","","ESTONIA","ELISA (ex-RADIOLINJA EESTI AS)","14/02/2023 13:10:00","14/02/2023 13:10:00"
"","","ESTEM","","ESTONIA","AS EMT","14/02/2023 13:10:00","14/02/2023 13:10:00"
"","","ESTRB","","ESTONIA","TELE2","14/02/2023 13:10:00","14/02/2023 13:10:00"
"","","ETH01","","ETHIOPIA","ETHIO TELECOM 'ETC'","14/02/2023 13:10:00","14/02/2023 13:10:00"
"","","FLKCW","","FALKLANDS ISLANDS","C&W SOUTH ATLANTIC LTD","14/02/2023 13:10:00","14/02/2023 13:10:00"
"","","FROFT","","FAROE ISLANDS","FAROESE TELECOM","14/02/2023 13:10:00","14/02/2023 13:10:00"
"","","FROKA","","FAROE ISLANDS","VODAFONE FAROE ISLANDS (KALL TELECOM)","14/02/2023 13:10:00","14/02/2023 13:10:00"
"","","FJIVF","","FIJI ISLANDS","VODAFONE FIJI LIMITED","14/02/2023 13:10:00","14/02/2023 13:10:00"
"","","FJIDP","","FIJI ISLANDS","DIGICEL FIJI ","14/02/2023 13:10:00","14/02/2023 13:10:00"
"","","FINES","","FINLAND","ELISA CORPORATION PRODUCTION (ex-RADIOLINJA)","14/02/2023 13:10:00","14/02/2023 13:10:00"
"","","FINRL","","FINLAND","ELISA CORPORATION PRODUCTION (ex-RADIOLINJA)","14/02/2023 13:10:00","14/02/2023 13:10:00"
"","","FINTF","","FINLAND","SONERA MOBILE NETWORKS LTD","14/02/2023 13:10:00","14/02/2023 13:10:00"
"","","FIN2G","","FINLAND","DNA NETWORKS LTD (ex-FINNET NETWORKS LTD)","14/02/2023 13:10:00","14/02/2023 13:10:00"
"","","FINTA","","FINLAND","DNA NETWORKS LTD (ex-FINNET NETWORKS LTD)","14/02/2023 13:10:00","14/02/2023 13:10:00"
"","","FRAF3","","FRANCE","BOUYGUES TELECOM ","14/02/2023 13:10:00","14/02/2023 13:10:00"
"","","FRAF1","","FRANCE","ORANGE FRANCE","14/02/2023 13:10:00","14/02/2023 13:10:00"
"","","FRAF2","","FRANCE","SFR","14/02/2023 13:10:00","14/02/2023 13:10:00"
"","","FRAFM","","FRANCE","FREEMOBILE","14/02/2023 13:10:00","14/02/2023 13:10:00"
"","","AAZ24","","FRANCE","MOBIQUITHINGS","14/02/2023 13:10:00","14/02/2023 13:10:00"
"","","FRAOT","","FRANCE","OMEA TELECOM LTD (VIRGIN MOBILE)","14/02/2023 13:10:00","14/02/2023 13:10:00"
"","","FRANJ","","FRANCE","NRJ FRANCE","14/02/2023 13:10:00","14/02/2023 13:10:00"
"","","GLP01","","FRENCH GUYANA","ORANGE CARAIBE","14/02/2023 13:10:00","14/02/2023 13:10:00"
"","","FRAF4","","FRENCH GUYANA","DIGICEL ANTILLES FRANCAISE GUYANE","14/02/2023 13:10:00","14/02/2023 13:10:00"
"","","FRATK","","FRENCH POLYNESIA","TIKIPHONE SAS","14/02/2023 13:10:00","14/02/2023 13:10:00"
"","","GABCT","","GABON","ZAIN (CELTEL GABON SA)","14/02/2023 13:10:00","14/02/2023 13:10:00"
"","","GABTL","","GABON","ATLANTIQUE TELECOM GABON ""Moov"" ","14/02/2023 13:10:00","14/02/2023 13:10:00"
"","","GAB01","","GABON","LIBERTIS SA","14/02/2023 13:10:00","14/02/2023 13:10:00"
"","","GMB01","","GAMBIA","GAMCEL","14/02/2023 13:10:00","14/02/2023 13:10:00"
"","","GMBAC","","GAMBIA","AFRICELL GAMBIA LTD.","14/02/2023 13:10:00","14/02/2023 13:10:00"
"","","GMBQC","","GAMBIA","QCELL Limited","14/02/2023 13:10:00","14/02/2023 13:10:00"
"","","GMBCM","","GAMBIA","COMIUM GAMBIA LTD","14/02/2023 13:10:00","14/02/2023 13:10:00"
"","","GEOGC","","GEORGIA","GEOCELL LIMITED","14/02/2023 13:10:00","14/02/2023 13:10:00"
"","","GEOMA","","GEORGIA","MAGTICOM LTD","14/02/2023 13:10:00","14/02/2023 13:10:00"
"","","GEOMT","","GEORGIA","MOBITEL LLC ""BEELINE""","14/02/2023 13:10:00","14/02/2023 13:10:00"
"","","DEUE1","","GERMANY","E-PLUS MOBILFUNK GMBH & CO. KG","14/02/2023 13:10:00","14/02/2023 13:10:00"
"","","DEUD1","","GERMANY","TELEKOM DEUTSCHLAND GMBH ","14/02/2023 13:10:00","14/02/2023 13:10:00"
"","","DEUD2","","GERMANY","VODAFONE D2 GMBH","14/02/2023 13:10:00","14/02/2023 13:10:00"
"","","DEUE2","","GERMANY","O2 GMBH & CO. OHG","14/02/2023 13:10:00","14/02/2023 13:10:00"
"","","DEUO2","","GERMANY","O2 GMBH & CO. OHG","14/02/2023 13:10:00","14/02/2023 13:10:00"
"","","GHASC","","GHANA","MTN (AREEBA (ex-SCANCOM_SPACEFON)) ","14/02/2023 13:10:00","14/02/2023 13:10:00"
"","","GHAGT","","GHANA","VODAFONE GHANA ","14/02/2023 13:10:00","14/02/2023 13:10:00"
"","","GHAMT","","GHANA","MILLICOM GHANA LTD. 'TIGO'","14/02/2023 13:10:00","14/02/2023 13:10:00"
"","","GHAZN","","GHANA","ZAIN COMMUNICATIONS Ltd","14/02/2023 13:10:00","14/02/2023 13:10:00"
"","","GIBGT","","GIBRALTAR","GIBTELECOM","14/02/2023 13:10:00","14/02/2023 13:10:00"
"","","GRCCO","","GREECE","COSMOTE MOBILE TELECOMMMUNICATIONS SA","14/02/2023 13:10:00","14/02/2023 13:10:00"
"","","GRCPF","","GREECE","VODAFONE PANAFON SA","14/02/2023 13:10:00","14/02/2023 13:10:00"
"","","GRCSH","","GREECE","WIND HELLAS TELECOMMUNICATIONS S.A ","14/02/2023 13:10:00","14/02/2023 13:10:00"
"","","GRCQT","","GREECE","Q TELECOMMUNICATIONS S.A. (WIND)","14/02/2023 13:10:00","14/02/2023 13:10:00"
"","","GRLTG","","GREENLAND","TELE.GREENLAND A/S","14/02/2023 13:10:00","14/02/2023 13:10:00"
"","","JAMDC","","GRENADA","DIGICEL","14/02/2023 13:10:00","14/02/2023 13:10:00"
"","","GRDCW","","GRENADA","CABLE & WIRELESS (WEST INDIES) ","14/02/2023 13:10:00","14/02/2023 13:10:00"
"","","JAMDC","","GRENADINES (The)","DIGICEL","14/02/2023 13:10:00","14/02/2023 13:10:00"
"","","FRAF4","","GUADELOUPE (FR.ANTILLES)","DIGICEL ANTILLES FRANCAISE GUYANE","14/02/2023 13:10:00","14/02/2023 13:10:00"
"","","GLP01","","GUADELOUPE (FR.ANTILLES)","ORANGE CARAIBE","14/02/2023 13:10:00","14/02/2023 13:10:00"
"","","GUF01","","GUADELOUPE (FR.ANTILLES)","OUTREMER TELECOM","14/02/2023 13:10:00","14/02/2023 13:10:00"
"","","GUMHT","","GUAM","DOCOMO PACIFIC, INC ","14/02/2023 13:10:00","14/02/2023 13:10:00"
"","","GTMCM","","GUATEMALA","COMUNICACIONES CELULARES, S.A. ' COMCEL' ","14/02/2023 13:10:00","14/02/2023 13:10:00"
"","","GTMSC","","GUATEMALA","SERCOM S.A. 'CLARO'","14/02/2023 13:10:00","14/02/2023 13:10:00"
"","","GTMTG","","GUATEMALA","TELEFÓNICA MÓVILES GUATEMALA, S.A.","14/02/2023 13:10:00","14/02/2023 13:10:00"
"","","GBRGT","","GUERNSEY (BAILIWICK OF)","C&W GUERNSEY LTD ","14/02/2023 13:10:00","14/02/2023 13:10:00"
"","","GBRJT","","GUERNSEY (BAILIWICK OF)","WAVE TELECOM","14/02/2023 13:10:00","14/02/2023 13:10:00"
"","","GBRAJ","","GUERNSEY (BAILIWICK OF)","JERSEY AIRTEL LIMITED","14/02/2023 13:10:00","14/02/2023 13:10:00"
"","","GIN03","","GUINEA","INTERCEL","14/02/2023 13:10:00","14/02/2023 13:10:00"
"","","GINAG","","GUINEA","AREEBA GUINEE SA","14/02/2023 13:10:00","14/02/2023 13:10:00"
"","","GIN07","","GUINEA","CELLCOM GUINEA","14/02/2023 13:10:00","14/02/2023 13:10:00"
"","","GNBSB","","GUINEA BISSAU","MTN GUINEA BISSAU","14/02/2023 13:10:00","14/02/2023 13:10:00"
"","","GUYUM","","GUYANA","DIGICEL - U-MOBILE CELLULAR INC.","14/02/2023 13:10:00","14/02/2023 13:10:00"
"","","GUYGT","","GUYANA","GUYANA TELEPHONE AND TELEGRAPH CO. LTD.","14/02/2023 13:10:00","14/02/2023 13:10:00"
"","","JAMDC","","HAITI","DIGICEL","14/02/2023 13:10:00","14/02/2023 13:10:00"
"","","HTICL","","HAITI","COMMUNICATION CELLULAIRE D'HAITI SA (ComCEL)","14/02/2023 13:10:00","14/02/2023 13:10:00"
"","","HND02","","HONDURAS","TELEFONICA CELULAR SA - TIGO (CELTEL)","14/02/2023 13:10:00","14/02/2023 13:10:00"
"","","HNDME","","HONDURAS","CLARO ","14/02/2023 13:10:00","14/02/2023 13:10:00"
"","","HNDDC","","HONDURAS","CLARO/DIGICEL","14/02/2023 13:10:00","14/02/2023 13:10:00"
"","","HKGHT","","HONG KONG","HUTCHISON TELEPHONE CO. LTD","14/02/2023 13:10:00","14/02/2023 13:10:00"
"","","HKGH3","","HONG KONG","HUTCHISON TELEPHONE CO. LTD","14/02/2023 13:10:00","14/02/2023 13:10:00"
"","","HKGTC","","HONG KONG","CSL LTD ","14/02/2023 13:10:00","14/02/2023 13:10:00"
"","","HKGSM","","HONG KONG","SMARTONE MOBILE COMMUNICATIONS LTD","14/02/2023 13:10:00","14/02/2023 13:10:00"
"","","HKGNW","","HONG KONG","NEW WORLD PCS LTD","14/02/2023 13:10:00","14/02/2023 13:10:00"
"","","HKGPP","","HONG KONG","CHINA MOBILE HONG KONG LIMITED - CMHK - PEOPLES","14/02/2023 13:10:00","14/02/2023 13:10:00"
"","","HUNH1","","HUNGARY","PANNON GSM","14/02/2023 13:10:00","14/02/2023 13:10:00"
"","","HUNVR","","HUNGARY","VODAFONE HUNGARY LTD","14/02/2023 13:10:00","14/02/2023 13:10:00"
"","","HUNH2","","HUNGARY","T-MOBILE (Frmrl Westel)","14/02/2023 13:10:00","14/02/2023 13:10:00"
"","","ISLVW","","ICELAND","IMC ISLAND EHF. D/B/A VIKING WIRELESS","14/02/2023 13:10:00","14/02/2023 13:10:00"
"","","ISLPS","","ICELAND","SIMINN (LANDSSIMINN)","14/02/2023 13:10:00","14/02/2023 13:10:00"
"","","ISLTL","","ICELAND","VODAFONE (ex-Tal)","14/02/2023 13:10:00","14/02/2023 13:10:00"
"","","ISL03","","ICELAND","VODAFONE (ex-Islandssimi)","14/02/2023 13:10:00","14/02/2023 13:10:00"
"","","INDAT","","INDIA","BHARTI AIRTEL Ltd (New Delhi)","14/02/2023 13:10:00","14/02/2023 13:10:00"
"","","INDSC","","INDIA","BHARTI AIRTEL Ltd (Chennai)","14/02/2023 13:10:00","14/02/2023 13:10:00"
"","","INDBL","","INDIA","BHARTI AIRTEL Ltd (Himachal Pradesh)","14/02/2023 13:10:00","14/02/2023 13:10:00"
"","","INDA5","","INDIA","BHARTI AIRTEL Ltd (Haryana)","14/02/2023 13:10:00","14/02/2023 13:10:00"
"","","INDA4","","INDIA","BHARTI AIRTEL Ltd (Tamil nadu)","14/02/2023 13:10:00","14/02/2023 13:10:00"
"","","INDA6","","INDIA","BHARTI AIRTEL Ltd (Uttar Pradesh West)","14/02/2023 13:10:00","14/02/2023 13:10:00"
"","","INDJB","","INDIA","BHARTI AIRTEL Ltd (Karnataka)","14/02/2023 13:10:00","14/02/2023 13:10:00"
"","","INDJH","","INDIA","BHARTI AIRTEL Ltd (Andra Pradesh)","14/02/2023 13:10:00","14/02/2023 13:10:00"
"","","INDA9","","INDIA","BHARTI AIRTEL Ltd (Punjab)","14/02/2023 13:10:00","14/02/2023 13:10:00"
"","","INDA1","","INDIA","BHARTI AIRTEL Ltd (Mumbai)","14/02/2023 13:10:00","14/02/2023 13:10:00"
"","","INDA3","","INDIA","BHARTI AIRTEL Ltd (Gujarat)","14/02/2023 13:10:00","14/02/2023 13:10:00"
"","","INDMT","","INDIA","BHARTI AIRTEL Ltd (kolkata)","14/02/2023 13:10:00","14/02/2023 13:10:00"
"","","INDA2","","INDIA","BHARTI AIRTEL Ltd (Maharashtra)","14/02/2023 13:10:00","14/02/2023 13:10:00"
"","","INDA8","","INDIA","BHARTI AIRTEL Ltd (Madhya Pradesh)","14/02/2023 13:10:00","14/02/2023 13:10:00"
"","","INDA7","","INDIA","BHARTI AIRTEL Ltd (Kerala)","14/02/2023 13:10:00","14/02/2023 13:10:00"
"","","INDH1","","INDIA","BHARTI AIRTEL Ltd (Rajasthan)","14/02/2023 13:10:00","14/02/2023 13:10:00"
"","","INDT0","","INDIA","Tata DOCOMO","14/02/2023 13:10:00","14/02/2023 13:10:00"
"","","INDT1","","INDIA","Tata DOCOMO","14/02/2023 13:10:00","14/02/2023 13:10:00"
"","","INDT2","","INDIA","Tata DOCOMO","14/02/2023 13:10:00","14/02/2023 13:10:00"
"","","INDT3","","INDIA","Tata DOCOMO","14/02/2023 13:10:00","14/02/2023 13:10:00"
"","","INDT4","","INDIA","Tata DOCOMO","14/02/2023 13:10:00","14/02/2023 13:10:00"
"","","INDT5","","INDIA","Tata DOCOMO","14/02/2023 13:10:00","14/02/2023 13:10:00"
"","","INDT6","","INDIA","Tata DOCOMO","14/02/2023 13:10:00","14/02/2023 13:10:00"
"","","INDT7","","INDIA","Tata DOCOMO","14/02/2023 13:10:00","14/02/2023 13:10:00"
"","","INDT8","","INDIA","Tata DOCOMO","14/02/2023 13:10:00","14/02/2023 13:10:00"
"","","INDT9","","INDIA","Tata DOCOMO","14/02/2023 13:10:00","14/02/2023 13:10:00"
"","","INDTB","","INDIA","Tata DOCOMO","14/02/2023 13:10:00","14/02/2023 13:10:00"
"","","INDTD","","INDIA","Tata DOCOMO","14/02/2023 13:10:00","14/02/2023 13:10:00"
"","","INDTG","","INDIA","Tata DOCOMO","14/02/2023 13:10:00","14/02/2023 13:10:00"
"","","INDTH","","INDIA","Tata DOCOMO","14/02/2023 13:10:00","14/02/2023 13:10:00"
"","","INDTK","","INDIA","Tata DOCOMO","14/02/2023 13:10:00","14/02/2023 13:10:00"
"","","INDTM","","INDIA","Tata DOCOMO","14/02/2023 13:10:00","14/02/2023 13:10:00"
"","","INDTO","","INDIA","Tata DOCOMO","14/02/2023 13:10:00","14/02/2023 13:10:00"
"","","INDTP","","INDIA","Tata DOCOMO","14/02/2023 13:10:00","14/02/2023 13:10:00"
"","","INDTR","","INDIA","Tata DOCOMO","14/02/2023 13:10:00","14/02/2023 13:10:00"
"","","INDB1","","INDIA","LOOP MOBILE LTD ","14/02/2023 13:10:00","14/02/2023 13:10:00"
"","","IND07","","INDIA","IDEA CELLULAR (Andhra Pradesh)","14/02/2023 13:10:00","14/02/2023 13:10:00"
"","","INDAM","","INDIA","IDEA CELLULAR (Assam)","14/02/2023 13:10:00","14/02/2023 13:10:00"
"","","INDBI","","INDIA","IDEA CELLULAR (Gujarat)","14/02/2023 13:10:00","14/02/2023 13:10:00"
"","","INDBO","","INDIA","IDEA CELLULAR (Maharashtra/Goa)","14/02/2023 13:10:00","14/02/2023 13:10:00"
"","","INDEH","","INDIA","IDEA CELLULAR (Haryana)","14/02/2023 13:10:00","14/02/2023 13:10:00"
"","","INDEK","","INDIA","IDEA CELLULAR (Kerala)","14/02/2023 13:10:00","14/02/2023 13:10:00"
"","","INDEU","","INDIA","IDEA CELLULAR (UP West)","14/02/2023 13:10:00","14/02/2023 13:10:00"
"","","INDID","","INDIA","IDEA CELLULAR (Delhi)","14/02/2023 13:10:00","14/02/2023 13:10:00"
"","","INDIE","","INDIA","IDEA CELLULAR (North East)","14/02/2023 13:10:00","14/02/2023 13:10:00"
"","","INDIH","","INDIA","IDEA CELLULAR (Himachal Pradesh)","14/02/2023 13:10:00","14/02/2023 13:10:00"
"","","INDIJ","","INDIA","IDEA CELLULAR (Jammu & Kashmir)","14/02/2023 13:10:00","14/02/2023 13:10:00"
"","","INDIK","","INDIA","IDEA CELLULAR (Kolkata)","14/02/2023 13:10:00","14/02/2023 13:10:00"
"","","INDIM","","INDIA","IDEA CELLULAR (Mumbai)","14/02/2023 13:10:00","14/02/2023 13:10:00"
"","","INDIO","","INDIA","IDEA CELLULAR (Orissa)","14/02/2023 13:10:00","14/02/2023 13:10:00"
"","","INDIR","","INDIA","IDEA CELLULAR (Rajasthan)","14/02/2023 13:10:00","14/02/2023 13:10:00"
"","","INDIT","","INDIA","IDEA CELLULAR (Tamil Nadu)","14/02/2023 13:10:00","14/02/2023 13:10:00"
"","","INDIU","","INDIA","IDEA CELLULAR (UP East)","14/02/2023 13:10:00","14/02/2023 13:10:00"
"","","INDIW","","INDIA","IDEA CELLULAR (West Bengal)","14/02/2023 13:10:00","14/02/2023 13:10:00"
"","","INDMP","","INDIA","IDEA CELLULAR (MADHYA PRADESH)","14/02/2023 13:10:00","14/02/2023 13:10:00"
"","","INDSK","","INDIA","IDEA CELLULAR (Karnataka)","14/02/2023 13:10:00","14/02/2023 13:10:00"
"","","INDSP","","INDIA","IDEA CELLULAR (Punjab)","14/02/2023 13:10:00","14/02/2023 13:10:00"
"","","INDIB","","INDIA","IDEA CELLULAR (Bihar & Jharkhand)","14/02/2023 13:10:00","14/02/2023 13:10:00"
"","","INDRC","","INDIA","AIRCELL CELLULAR Ltd ","14/02/2023 13:10:00","14/02/2023 13:10:00"
"","","INDAC","","INDIA","AIRCELL CELLULAR Ltd ","14/02/2023 13:10:00","14/02/2023 13:10:00"
"","","IND01 ","","INDIA","AIRCELL CELLULAR Ltd ","14/02/2023 13:10:00","14/02/2023 13:10:00"
"","","IND02","","INDIA","AIRCELL CELLULAR Ltd ","14/02/2023 13:10:00","14/02/2023 13:10:00"
"","","IND03","","INDIA","AIRCELL CELLULAR Ltd ","14/02/2023 13:10:00","14/02/2023 13:10:00"
"","","IND04","","INDIA","AIRCELL CELLULAR Ltd ","14/02/2023 13:10:00","14/02/2023 13:10:00"
"","","IND05","","INDIA","AIRCELL CELLULAR Ltd ","14/02/2023 13:10:00","14/02/2023 13:10:00"
"","","IND06","","INDIA","AIRCELL CELLULAR Ltd ","14/02/2023 13:10:00","14/02/2023 13:10:00"
"","","IND08","","INDIA","AIRCELL CELLULAR Ltd ","14/02/2023 13:10:00","14/02/2023 13:10:00"
"","","IND09","","INDIA","AIRCELL CELLULAR Ltd ","14/02/2023 13:10:00","14/02/2023 13:10:00"
"","","IND17","","INDIA","AIRCELL CELLULAR Ltd ","14/02/2023 13:10:00","14/02/2023 13:10:00"
"","","IND18","","INDIA","AIRCELL CELLULAR Ltd ","14/02/2023 13:10:00","14/02/2023 13:10:00"
"","","IND19","","INDIA","AIRCELL CELLULAR Ltd ","14/02/2023 13:10:00","14/02/2023 13:10:00"
"","","IND20","","INDIA","AIRCELL CELLULAR Ltd ","14/02/2023 13:10:00","14/02/2023 13:10:00"
"","","IND21","","INDIA","AIRCELL CELLULAR Ltd ","14/02/2023 13:10:00","14/02/2023 13:10:00"
"","","IND22","","INDIA","AIRCELL CELLULAR Ltd ","14/02/2023 13:10:00","14/02/2023 13:10:00"
"","","IND23","","INDIA","AIRCELL CELLULAR Ltd ","14/02/2023 13:10:00","14/02/2023 13:10:00"
"","","IND24","","INDIA","AIRCELL CELLULAR Ltd ","14/02/2023 13:10:00","14/02/2023 13:10:00"
"","","IND25","","INDIA","AIRCELL CELLULAR Ltd ","14/02/2023 13:10:00","14/02/2023 13:10:00"
"","","IND26","","INDIA","AIRCELL CELLULAR Ltd ","14/02/2023 13:10:00","14/02/2023 13:10:00"
"","","IND27","","INDIA","AIRCELL CELLULAR Ltd ","14/02/2023 13:10:00","14/02/2023 13:10:00"
"","","IND28","","INDIA","AIRCELL CELLULAR Ltd ","14/02/2023 13:10:00","14/02/2023 13:10:00"
"","","IND29","","INDIA","AIRCELL CELLULAR Ltd ","14/02/2023 13:10:00","14/02/2023 13:10:00"
"","","INDHM","","INDIA","VODAFONE ESSAR LTD","14/02/2023 13:10:00","14/02/2023 13:10:00"
"","","INDBK","","INDIA","VODAFONE ESSAR CELLULAR LTD. (Kerala)","14/02/2023 13:10:00","14/02/2023 13:10:00"
"","","INDBT","","INDIA","VODAFONE ESSAR CELLULAR LTD. (Tamilnadu)","14/02/2023 13:10:00","14/02/2023 13:10:00"
"","","INDBM","","INDIA","VODAFONE ESSAR CELLULAR LTD. (Maharashtra & Goa)","14/02/2023 13:10:00","14/02/2023 13:10:00"
"","","INDE1","","INDIA","VODAFONE ESSAR MOBILE SERVICES LTD ","14/02/2023 13:10:00","14/02/2023 13:10:00"
"","","INDF1","","INDIA","VODAFONE ESSAR GUJARAT LTD ","14/02/2023 13:10:00","14/02/2023 13:10:00"
"","","INDCC","","INDIA","VODAFONE ESSAR EAST LTD ","14/02/2023 13:10:00","14/02/2023 13:10:00"
"","","INDWB","","INDIA","BHARAT SANCHAR NIGAM  LTD (BSNL)","14/02/2023 13:10:00","14/02/2023 13:10:00"
"","","INDRM","","INDIA","RELIANCE TELECOM LIMITED","14/02/2023 13:10:00","14/02/2023 13:10:00"
"","","IDNEX","","INDONESIA","PT. XL AXIAT Tbk","14/02/2023 13:10:00","14/02/2023 13:10:00"
"","","IDNIM","","INDONESIA","PT INDOSAT TBK (ex- INDOSAT M3)","14/02/2023 13:10:00","14/02/2023 13:10:00"
"","","IDNSL","","INDONESIA","PT INDOSAT TBK (ex-SATELINDO)","14/02/2023 13:10:00","14/02/2023 13:10:00"
"","","IDNTS","","INDONESIA","TELKOMSEL","14/02/2023 13:10:00","14/02/2023 13:10:00"
"","","IDNLT","","INDONESIA","PT. NATRINDO TELEPON SELULER (AXIS)","14/02/2023 13:10:00","14/02/2023 13:10:00"
"","","IDN89","","INDONESIA","PT  HUTCHISON CP TELECOMMUNICATIONS ","14/02/2023 13:10:00","14/02/2023 13:10:00"
"","","NORAM","","IN FLIGHT COVERAGE","AEROMOBILE","14/02/2023 13:10:00","14/02/2023 13:10:00"
"","","CHEOA","","IN FLIGHT COVERAGE","ONAIR SWITSERLAND SARL","14/02/2023 13:10:00","14/02/2023 13:10:00"
"","","IRNKI","","IRAN","TKC-KFZO (TELECOMMUNICATION KISH CO.)","14/02/2023 13:10:00","14/02/2023 13:10:00"
"","","IRN11","","IRAN","MCI","14/02/2023 13:10:00","14/02/2023 13:10:00"
"","","IRNRI","","IRAN","RAFSANJAN INDUSTRIAL COMPLEX 'TALIYA' ","14/02/2023 13:10:00","14/02/2023 13:10:00"
"","","IRNMI","","IRAN","MTN IRANCELL","14/02/2023 13:10:00","14/02/2023 13:10:00"
"","","IRQOR","","IRAQ","ZAIN (IRAQNA (ORASCOM TELECOM IRAQ CORP.))","14/02/2023 13:10:00","14/02/2023 13:10:00"
"","","IRQAC","","IRAQ","ASIA CELL ","14/02/2023 13:10:00","14/02/2023 13:10:00"
"","","IRQKK","","IRAQ","KOREK TELECOM","14/02/2023 13:10:00","14/02/2023 13:10:00"
"","","IRQAT","","IRAQ","ZAIN (ex-ATHEER)","14/02/2023 13:10:00","14/02/2023 13:10:00"
"","","IRLDF","","IRELAND","O2 COMMUNICATIONS LTD","14/02/2023 13:10:00","14/02/2023 13:10:00"
"","","IRLH3","","IRELAND","HUTCHISON 3G IRELAND LIMITED","14/02/2023 13:10:00","14/02/2023 13:10:00"
"","","IRLEC","","IRELAND","VODAFONE","14/02/2023 13:10:00","14/02/2023 13:10:00"
"","","IRLME","","IRELAND","METEOR MOBILE COMMUNICATIONS","14/02/2023 13:10:00","14/02/2023 13:10:00"
"","","IRLLT","","IRELAND","LIFFEY TELECOM (TESCO-O2)","14/02/2023 13:10:00","14/02/2023 13:10:00"
"","","ISRCL","","ISRAEL","CELLCOM ISRAEL LTD","14/02/2023 13:10:00","14/02/2023 13:10:00"
"","","ISR01","","ISRAEL","PARTNER COMMUNICATIONS COMPANY LTD (ORANGE)","14/02/2023 13:10:00","14/02/2023 13:10:00"
"","","ISRPL","","ISRAEL","PELEPHONE COMMUNICATIONS LIMITED","14/02/2023 13:10:00","14/02/2023 13:10:00"
"","","ISRAC","","ISRAEL","ALON CELLULAR ISRAEL","14/02/2023 13:10:00","14/02/2023 13:10:00"
"","","ISRGT","","ISRAEL","GOLAN TELECOM LTD","14/02/2023 13:10:00","14/02/2023 13:10:00"
"","","ITAOM","","ITALY","VODAFONE OMNITEL","14/02/2023 13:10:00","14/02/2023 13:10:00"
"","","ITASI","","ITALY","TELECOM ITALIA SPA","14/02/2023 13:10:00","14/02/2023 13:10:00"
"","","ITAWI","","ITALY","WIND TELECOMUNICAZIONI SPA","14/02/2023 13:10:00","14/02/2023 13:10:00"
"","","ITAH3","","ITALY","H3G S.p.A.","14/02/2023 13:10:00","14/02/2023 13:10:00"
"","","CIVTL","","IVORY COAST","MTN COTE D'IVOIRE SA (ex-LOTENY TELECOM SA)","14/02/2023 13:10:00","14/02/2023 13:10:00"
"","","CIV02","","IVORY COAST","ATLANTIQUE TELECOM COTE D'IVORE S.A - ""MOOV CI""","14/02/2023 13:10:00","14/02/2023 13:10:00"
"","","CIV03","","IVORY COAST","ORANGE COTE D'IVOIRE SA","14/02/2023 13:10:00","14/02/2023 13:10:00"
"","","CIVOR","","IVORY COAST","ORICEL COTE D'IVOIRE SA","14/02/2023 13:10:00","14/02/2023 13:10:00"
"","","CIVCM","","IVORY COAST","COMIUM- CI. SA","14/02/2023 13:10:00","14/02/2023 13:10:00"
"","","JAMDC","","JAMAICA","DIGICEL","14/02/2023 13:10:00","14/02/2023 13:10:00"
"","","JAMCL","","JAMAICA","OCEANIC DIGITAL JAMAICA - CLARO JAMAICA","14/02/2023 13:10:00","14/02/2023 13:10:00"
"","","JAMCW","","JAMAICA","CABLE & WIRELESS (WEST INDIES)","14/02/2023 13:10:00","14/02/2023 13:10:00"
"","","JPNJP","","JAPAN","SOFTBANK MOBILE (ex-VODAFONE KK (ex-J-PHONE))","14/02/2023 13:10:00","14/02/2023 13:10:00"
"","","JPNDO","","JAPAN","NTT DOCOMO INC","14/02/2023 13:10:00","14/02/2023 13:10:00"
"","","JPNEM","","JAPAN","EMOBILE LTD","14/02/2023 13:10:00","14/02/2023 13:10:00"
"","","JPNKD","","JAPAN","KDDI CORPORATION","14/02/2023 13:10:00","14/02/2023 13:10:00"
"","","GBRGT","","JERSEY CHANNEL ISLANDS","C&W GUERNSEY LTD (ex-GUERNSEY TELECOMS)","14/02/2023 13:10:00","14/02/2023 13:10:00"
"","","GBRAJ","","JERSEY CHANNEL ISLANDS","JERSEY AIRTEL LIMITED","14/02/2023 13:10:00","14/02/2023 13:10:00"
"","","GBRJT","","JERSEY CHANNEL ISLANDS","JERSEY TELECOMS LTD","14/02/2023 13:10:00","14/02/2023 13:10:00"
"","","JORFL","","JORDAN","ZAIN (FASTLINK )","14/02/2023 13:10:00","14/02/2023 13:10:00"
"","","JORUM","","JORDAN","UMNIAH MOBILE COMPANY","14/02/2023 13:10:00","14/02/2023 13:10:00"
"","","JORMC","","JORDAN","ORANGE (PETRA JORDANIAN MOBILE TEL.CO.)","14/02/2023 13:10:00","14/02/2023 13:10:00"
"","","KAZKZ","","KAZAKHSTAN","K'CELL","14/02/2023 13:10:00","14/02/2023 13:10:00"
"","","KAZKT","","KAZAKHSTAN","KAR-TELL","14/02/2023 13:10:00","14/02/2023 13:10:00"
"","","KENSA","","KENYA","SAFARICOM LTD","14/02/2023 13:10:00","14/02/2023 13:10:00"
"","","KENKC","","KENYA","AIRTEL NETWORKS KENYA LIMITED ","14/02/2023 13:10:00","14/02/2023 13:10:00"
"","","KENTK","","KENYA","TELKOM KENYA","14/02/2023 13:10:00","14/02/2023 13:10:00"
"","","KENEC","","KENYA","ESSAR TELECOM KENYA LIMITED","14/02/2023 13:10:00","14/02/2023 13:10:00"
"","","KORKT","","KOREA (SOUTH)","KTF (KT FREETEL CO LTD)","14/02/2023 13:10:00","14/02/2023 13:10:00"
"","","KORKF","","KOREA (SOUTH)","KTF (KT FREETEL CO LTD) (WCDMA)","14/02/2023 13:10:00","14/02/2023 13:10:00"
"","","KORSK","","KOREA (SOUTH)","SK TELECOM","14/02/2023 13:10:00","14/02/2023 13:10:00"
"","","MCOM1","","KOSOVO","VALA 900","14/02/2023 13:10:00","14/02/2023 13:10:00"
"","","KWTMT","","KUWAIT","ZAIN (MTC (MOBILE TEL.CY))","14/02/2023 13:10:00","14/02/2023 13:10:00"
"","","KWTNM","","KUWAIT","NATIONAL MOBILE TEL. CO. (KSC) 'WATANIYA' ","14/02/2023 13:10:00","14/02/2023 13:10:00"
"","","KWTKT","","KUWAIT","KUWAIT TELECOM COMPANY ""KTC"" VIVA","14/02/2023 13:10:00","14/02/2023 13:10:00"
"","","KGZ01","","KYRGYZ REPUBLIC","SKY MOBILE (ex-BITEL GSM COMPANY)","14/02/2023 13:10:00","14/02/2023 13:10:00"
"","","KGZNT","","KYRGYZ REPUBLIC","NURTELECOM LLC","14/02/2023 13:10:00","14/02/2023 13:10:00"
"","","KGZMC","","KYRGYZ REPUBLIC","CLOSED JOINT-STOCK COMPANY ALFA TELECOM","14/02/2023 13:10:00","14/02/2023 13:10:00"
"","","LAOTL","","LAOS","MILLICOM LAO COMPANY LTD (TIGO)","14/02/2023 13:10:00","14/02/2023 13:10:00"
"","","LVABT","","LATVIA","SIA BITE LATVIJA","14/02/2023 13:10:00","14/02/2023 13:10:00"
"","","LVALM","","LATVIA","LMT (LATVIJAS MOBILAIS TELEFONS)","14/02/2023 13:10:00","14/02/2023 13:10:00"
"","","LVABC","","LATVIA","TELE2","14/02/2023 13:10:00","14/02/2023 13:10:00"
"","","LBNFL","","LEBANON","MIC1 SAL (ex ALFA - ex FTML)","14/02/2023 13:10:00","14/02/2023 13:10:00"
"","","LBNLC","","LEBANON","MTC (ex-LIBANCELL)","14/02/2023 13:10:00","14/02/2023 13:10:00"
"","","LSOVL","","LESOTHO","VODACOM LESOTHO (PTY) LTD","14/02/2023 13:10:00","14/02/2023 13:10:00"
"","","LSOET","","LESOTHO","ECONET TELECOM LESOTHO","14/02/2023 13:10:00","14/02/2023 13:10:00"
"","","LBRCM","","LIBERIA","COMIUM LIBERIA INC.","14/02/2023 13:10:00","14/02/2023 13:10:00"
"","","LBRLC","","LIBERIA","MTN (LONESTAR COMMUNICATIONS CORP.)","14/02/2023 13:10:00","14/02/2023 13:10:00"
"","","LBR07","","LIBERIA","CELLCOM LIBERIA","14/02/2023 13:10:00","14/02/2023 13:10:00"
"","","LBY01","","LIBYA","AL MADAR TELECOM CO.","14/02/2023 13:10:00","14/02/2023 13:10:00"
"","","LBYLM","","LIBYA","LIBYANA MOBILE PHONE","14/02/2023 13:10:00","14/02/2023 13:10:00"
"","","CHEC1","","LIECHTENSTEIN","SWISSCOM MOBILE (ex-TELECOM FL)","14/02/2023 13:10:00","14/02/2023 13:10:00"
"","","LIETG","","LIECHTENSTEIN","ALPCOM","14/02/2023 13:10:00","14/02/2023 13:10:00"
"","","LIEVE","","LIECHTENSTEIN","ORANGE LIECHTENSTEIN AG","14/02/2023 13:10:00","14/02/2023 13:10:00"
"","","LIEMK","","LIECHTENSTEIN","MOBILKOM AG","14/02/2023 13:10:00","14/02/2023 13:10:00"
"","","LTUMT","","LITHUANIA","UAB BITE LIETUVA (ex- UAB BITE GSM)","14/02/2023 13:10:00","14/02/2023 13:10:00"
"","","LTUOM","","LITHUANIA","OMNITEL","14/02/2023 13:10:00","14/02/2023 13:10:00"
"","","LTU03","","LITHUANIA","TELE2 ","14/02/2023 13:10:00","14/02/2023 13:10:00"
"","","LUXPT","","LUXEMBOURG","P&T LUXEMBOURG","14/02/2023 13:10:00","14/02/2023 13:10:00"
"","","LUXTG","","LUXEMBOURG","TANGO SA","14/02/2023 13:10:00","14/02/2023 13:10:00"
"","","LUXVM","","LUXEMBOURG","ORANGE S.A. ","14/02/2023 13:10:00","14/02/2023 13:10:00"
"","","MACCT","","MACAU","CTM (COMPANHIA DE TEL.DE MACAU SARL)","14/02/2023 13:10:00","14/02/2023 13:10:00"
"","","MACHT","","MACAU","HUTCHISON TELEPHONE (MACAU) COMPANY LIMITED","14/02/2023 13:10:00","14/02/2023 13:10:00"
"","","MKDMM","","MACEDONIA","T-MOBILE ","14/02/2023 13:10:00","14/02/2023 13:10:00"
"","","MKDCC","","MACEDONIA","COSMOFON AD","14/02/2023 13:10:00","14/02/2023 13:10:00"
"","","MKDNO","","MACEDONIA","VIP OPERATOR DOOEL","14/02/2023 13:10:00","14/02/2023 13:10:00"
"","","MDGCO","","MADAGASCAR","ZAIN (CELTEL (SOCIETE MADACOM))","14/02/2023 13:10:00","14/02/2023 13:10:00"
"","","MDGAN","","MADAGASCAR","ORANGE MADAGASCAR","14/02/2023 13:10:00","14/02/2023 13:10:00"
"","","MDGTM","","MADAGASCAR","TELMA MOBILE S.A.","14/02/2023 13:10:00","14/02/2023 13:10:00"
"","","MWICT","","MALAWI","ZAIN (CELTEL MALAWI LTD)","14/02/2023 13:10:00","14/02/2023 13:10:00"
"","","MWICP","","MALAWI","TELEKOM NETWORKS MALAWI Ltd","14/02/2023 13:10:00","14/02/2023 13:10:00"
"","","MYSCC","","MALAYSIA","CELCOM MALAYSIA BERHAD","14/02/2023 13:10:00","14/02/2023 13:10:00"
"","","MYSBC","","MALAYSIA","MAXIS MOBILE SERVICES SDN BHD","14/02/2023 13:10:00","14/02/2023 13:10:00"
"","","MYSMT","","MALAYSIA","DIGI TELECOMMUNICATIONS SDN. BHD.","14/02/2023 13:10:00","14/02/2023 13:10:00"
"","","MDV01","","MALDIVES","DHIRAAGU (DHIVELHI RAAJJEYGE GULHUN PRIVATE LTD)","14/02/2023 13:10:00","14/02/2023 13:10:00"
"","","MDVWM","","MALDIVES","WATANIYA TELECOM MALDIVES","14/02/2023 13:10:00","14/02/2023 13:10:00"
"","","MLI01","","MALI","MALITEL SA","14/02/2023 13:10:00","14/02/2023 13:10:00"
"","","MLI02","","MALI","ORANGE (ex-IKATEL)","14/02/2023 13:10:00","14/02/2023 13:10:00"
"","","MLTTL","","MALTA","VODAFONE MALTA LIMITED","14/02/2023 13:10:00","14/02/2023 13:10:00"
"","","MLTGO","","MALTA","GO MOBILE (MOBILE COMMUNICATIONS LTD)","14/02/2023 13:10:00","14/02/2023 13:10:00"
"","","MLTMM","","MALTA","MELITA MOBILE LIMITED","14/02/2023 13:10:00","14/02/2023 13:10:00"
"","","GBRGT","","MAN (ISLE OF)","C&W GUERNSEY LTD (ex-GUERNSEY TELECOMS)","14/02/2023 13:10:00","14/02/2023 13:10:00"
"","","GBRMT","","MAN (ISLE OF)","MANX TELECOM","14/02/2023 13:10:00","14/02/2023 13:10:00"
"","","FRAF4","","MARTINIQUE (FR.ANTILLES)","DIGICEL ANTILLES FRANCAISE GUYANE","14/02/2023 13:10:00","14/02/2023 13:10:00"
"","","GLP01","","MARTINIQUE (FR.ANTILLES)","ORANGE CARAIBE","14/02/2023 13:10:00","14/02/2023 13:10:00"
"","","GUF01","","MARTINIQUE (FR.ANTILLES)","OUTREMER TELECOM","14/02/2023 13:10:00","14/02/2023 13:10:00"
"","","MRTMT","","MAURITANIA","MATTEL","14/02/2023 13:10:00","14/02/2023 13:10:00"
"","","MRTMM","","MAURITANIA","MAURITEL MOBILES SA","14/02/2023 13:10:00","14/02/2023 13:10:00"
"","","MRTCH","","MAURITANIA","CHINGUITEL SA","14/02/2023 13:10:00","14/02/2023 13:10:00"
"","","MUSCP","","MAURITIUS","ORANGE","14/02/2023 13:10:00","14/02/2023 13:10:00"
"","","MUSEM","","MAURITIUS","EMTEL LTD","14/02/2023 13:10:00","14/02/2023 13:10:00"
"","","MUSMT","","MAURITIUS","MAHANAGAR TELEPHONE (MAURITIUS) LTD","14/02/2023 13:10:00","14/02/2023 13:10:00"
"","","FRARE","","MAYOTTE  (Island of)","SRR (SOCIETE REUNIONAISE DE RADIOTELEPHONE)","14/02/2023 13:10:00","14/02/2023 13:10:00"
"","","REUOT","","MAYOTTE  (Island of)","OUTREMER TELECOM","14/02/2023 13:10:00","14/02/2023 13:10:00"
"","","MEXTL","","MEXICO","TELCEL (RADIOMOVIL DIPSA SA DE CV)","14/02/2023 13:10:00","14/02/2023 13:10:00"
"","","MEXNC","","MEXICO","COMUNICACIONES NEXTEL DE MEXICO S.A. DE C.V.","14/02/2023 13:10:00","14/02/2023 13:10:00"
"","","MEXMS","","MEXICO","PEGASO PCS S.A. de C.V. ('TELEFONICA MOVILES MEXICO')","14/02/2023 13:10:00","14/02/2023 13:10:00"
"","","MEXIU","","MEXICO","IUSACELL S.A. DE C.V MEXICO","14/02/2023 13:10:00","14/02/2023 13:10:00"
"","","MDAVX","","MOLDOVA","ORANGE (VOXTEL SA)","14/02/2023 13:10:00","14/02/2023 13:10:00"
"","","MDAMC","","MOLDOVA","MOLDCELL SA","14/02/2023 13:10:00","14/02/2023 13:10:00"
"","","MDAUN","","MOLDOVA","MOLDTELECOM SA","14/02/2023 13:10:00","14/02/2023 13:10:00"
"","","MNGMC","","MONGOLIA","MOBICOM CORPORATION","14/02/2023 13:10:00","14/02/2023 13:10:00"
"","","MNGMN","","MONGOLIA","UNITEL LLC","14/02/2023 13:10:00","14/02/2023 13:10:00"
"","","YUGPM","","MONTENEGRO (ex-YUGOSLAVIA)","PROMONTE GSM","14/02/2023 13:10:00","14/02/2023 13:10:00"
"","","YUGTM","","MONTENEGRO (ex-YUGOSLAVIA)","T-MOBILE MONTENEGRO LLC (ex-MONET D.O.O.)","14/02/2023 13:10:00","14/02/2023 13:10:00"
"","","MNETM","","MONTENEGRO (ex-YUGOSLAVIA)","CRNOGORSI TEL. a.d. PODGORICA _T-MOBILE MONTENEGRO","14/02/2023 13:10:00","14/02/2023 13:10:00"
"","","MNEMT","","MONTENEGRO (ex-YUGOSLAVIA)","DRUSTVO ZA TELEKOMUNICACIJE - MTEL D.O.O","14/02/2023 13:10:00","14/02/2023 13:10:00"
"","","MNEPM","","MONTENEGRO (ex-YUGOSLAVIA)","TELENOR LTD MONTENEGRO","14/02/2023 13:10:00","14/02/2023 13:10:00"
"","","MSRCW","","MONTSERRAT","CABLE & WIRELESS (WEST INDIES) ","14/02/2023 13:10:00","14/02/2023 13:10:00"
"","","MARM1","","MOROCCO","MAROC TELECOM IAM","14/02/2023 13:10:00","14/02/2023 13:10:00"
"","","MARMT","","MOROCCO","MEDI TELECOM SA","14/02/2023 13:10:00","14/02/2023 13:10:00"
"","","MARM3","","MOROCCO","WANA CORPORATE","14/02/2023 13:10:00","14/02/2023 13:10:00"
"","","MOZ01","","MOZAMBIQUE","MCEL (MOCAMBIQUE CELULAR SARL)","14/02/2023 13:10:00","14/02/2023 13:10:00"
"","","MOZVC","","MOZAMBIQUE","VODACOM S.A.R.L.","14/02/2023 13:10:00","14/02/2023 13:10:00"
"","","NAM01","","NAMIBIA","MTC (MOBILE TELECOMMUNICATIONS LIMITED)","14/02/2023 13:10:00","14/02/2023 13:10:00"
"","","NAM03","","NAMIBIA","POWERCOM (PTY) LTD. ('CELL ONE')","14/02/2023 13:10:00","14/02/2023 13:10:00"
"","","FJIDP","","NAURU","DIGICEL NAURU CORP. ","14/02/2023 13:10:00","14/02/2023 13:10:00"
"","","NPLNM","","NEPAL","NEPAL DOORSANCHAR COMPANY LTD. ('NTC')","14/02/2023 13:10:00","14/02/2023 13:10:00"
"","","NPLM2","","NEPAL","SPICE NEPAL PRIVATE LIMITED","14/02/2023 13:10:00","14/02/2023 13:10:00"
"","","NLDPN","","NETHERLANDS","T-MOBILE NETHERLANDS BV","14/02/2023 13:10:00","14/02/2023 13:10:00"
"","","NLDDT","","NETHERLANDS","ORANGE NEDERLAND NV (ex-DUTCHTONE)","14/02/2023 13:10:00","14/02/2023 13:10:00"
"","","NLDLT","","NETHERLANDS","LIBERTEL-VODAFONE","14/02/2023 13:10:00","14/02/2023 13:10:00"
"","","NLDPT","","NETHERLANDS","KPN B.V.","14/02/2023 13:10:00","14/02/2023 13:10:00"
"","","NLDTM","","NETHERLANDS","TELFORT NV","14/02/2023 13:10:00","14/02/2023 13:10:00"
"","","NCLPT","","NEW CALEDONIA","OPT","14/02/2023 13:10:00","14/02/2023 13:10:00"
"","","NZLBS","","NEW ZEALAND","VODAFONE NEW ZEALAND LTD","14/02/2023 13:10:00","14/02/2023 13:10:00"
"","","NZLNH","","NEW ZEALAND","2DEGREES MOBILE LIMITED","14/02/2023 13:10:00","14/02/2023 13:10:00"
"","","NZLTM","","NEW ZEALAND","TELECOM NEW ZEALAND LTD","14/02/2023 13:10:00","14/02/2023 13:10:00"
"","","NICEN","","NICARAGUA","ENITEL SA 'CLARO'","14/02/2023 13:10:00","14/02/2023 13:10:00"
"","","NICMS","","NICARAGUA","TELEFONICA CELULAR DE NICARAGUA SA","14/02/2023 13:10:00","14/02/2023 13:10:00"
"","","NERCT","","NIGER","CELTEL NIGER S.A. 'AIRTEL'","14/02/2023 13:10:00","14/02/2023 13:10:00"
"","","NERTL","","NIGER","MOOV (TELECEL NIGER)","14/02/2023 13:10:00","14/02/2023 13:10:00"
"","","NEROR","","NIGER","ORANGE NIGER S.A.","14/02/2023 13:10:00","14/02/2023 13:10:00"
"","","NGAET","","NIGERIA","AIRTEL NETWORK LTD","14/02/2023 13:10:00","14/02/2023 13:10:00"
"","","NGAMN","","NIGERIA","MTN COMMUNICATIONS LTD","14/02/2023 13:10:00","14/02/2023 13:10:00"
"","","NGAGM","","NIGERIA","GLO MOBILE LTD","14/02/2023 13:10:00","14/02/2023 13:10:00"
"","","NGAEM","","NIGERIA","EMTS ETISALAT NIGERIA","14/02/2023 13:10:00","14/02/2023 13:10:00"
"","","NORNC","","NORWAY","TELIASONERA NORGE AS (NETCOM AS)","14/02/2023 13:10:00","14/02/2023 13:10:00"
"","","NORTM","","NORWAY","TELENOR MOBIL","14/02/2023 13:10:00","14/02/2023 13:10:00"
"","","NORNN","","NORWAY","NETWORK NORWAY AS","14/02/2023 13:10:00","14/02/2023 13:10:00"
"","","GUMHT","","NORTHERN MARIANA ISLANDS","DOCOMO PACIFIC, INC (GUAM WIRELESS TEL.CY, LLC 'HafaTEL')","14/02/2023 13:10:00","14/02/2023 13:10:00"
"","","OMNNT","","OMAN (SULTANATE OF )","OMANI QATARI TEL. CY S.A.O.C. 'NAWRAS'","14/02/2023 13:10:00","14/02/2023 13:10:00"
"","","OMNGT","","OMAN (SULTANATE OF )","OMANTEL (OMAN TEL. COM.CY S.A.O.C. )","14/02/2023 13:10:00","14/02/2023 13:10:00"
"","","PAKMK","","PAKISTAN","MOBILINK GSM","14/02/2023 13:10:00","14/02/2023 13:10:00"
"","","PAKUF","","PAKISTAN","PAK TELECOM MOBILE LIMITED 'UFONE'","14/02/2023 13:10:00","14/02/2023 13:10:00"
"","","PAKTP","","PAKISTAN","TELENOR PAKISTAN (PAK) LTD.","14/02/2023 13:10:00","14/02/2023 13:10:00"
"","","PAKPL","","PAKISTAN","CMPAK LTD ""ZONG PAKISTAN""","14/02/2023 13:10:00","14/02/2023 13:10:00"
"","","PSEJE","","PALESTINE","JAWWAL (PALESTINE CELLULAR COMMUNICATIONS LTD)","14/02/2023 13:10:00","14/02/2023 13:10:00"
"","","PSEWM","","PALESTINE","WATANIYA PALESTINE MOBILE TEL. CY","14/02/2023 13:10:00","14/02/2023 13:10:00"
"","","PANCW","","PANAMA","C&W PANAMA SA","14/02/2023 13:10:00","14/02/2023 13:10:00"
"","","PANCL","","PANAMA","CLARO PANAMA S.A","14/02/2023 13:10:00","14/02/2023 13:10:00"
"","","PANDC","","PANAMA","DIGICEL PANAMA S.A.","14/02/2023 13:10:00","14/02/2023 13:10:00"
"","","PANMS","","PANAMA","TELEFONICA MOVILES PANAMA S.A.","14/02/2023 13:10:00","14/02/2023 13:10:00"
"","","PNGPM","","PAPUA NEW GUINEA","BMOBILE LIMITED","14/02/2023 13:10:00","14/02/2023 13:10:00"
"","","PNGDP","","PAPUA NEW GUINEA","DIGICEL (PNG) LIMITED","14/02/2023 13:10:00","14/02/2023 13:10:00"
"","","PRYHT","","PARAGUAY","AMX PARAGUAY S.A. ('CTI MOVIL')","14/02/2023 13:10:00","14/02/2023 13:10:00"
"","","PRYVX","","PARAGUAY","HOLA SA","14/02/2023 13:10:00","14/02/2023 13:10:00"
"","","PRYTC","","PARAGUAY","TELEFONICA CELULAR PARAGUAY S.A. - TELECEL-","14/02/2023 13:10:00","14/02/2023 13:10:00"
"","","PERTM","","PERU","CLARO (ex-AMERICA MOVIL PERU SAC, ex-TIM PERU SAC)","14/02/2023 13:10:00","14/02/2023 13:10:00"
"","","PERNC","","PERU","NEXTEL DEL PERU SA ","14/02/2023 13:10:00","14/02/2023 13:10:00"
"","","PERMO","","PERU","TELEFONICA MOVILES PERU, S.A.","14/02/2023 13:10:00","14/02/2023 13:10:00"
"","","PHLGT","","PHILIPPINES","GLOBE TELECOM INC","14/02/2023 13:10:00","14/02/2023 13:10:00"
"","","PHLSR","","PHILIPPINES","SMART COMMUNICATIONS INC.","14/02/2023 13:10:00","14/02/2023 13:10:00"
"","","PHLNC","","PHILIPPINES","NEXTEL COMMUNCIATIONS PHILIPPINES INC","14/02/2023 13:10:00","14/02/2023 13:10:00"
"","","PHLDG","","PHILIPPINES","DIGITEL MOBILE PHILIPPINES, Inc. ","14/02/2023 13:10:00","14/02/2023 13:10:00"
"","","POL03","","POLAND","ORANGE (ex-PTK CENTERTEL SP Z.O.O.)","14/02/2023 13:10:00","14/02/2023 13:10:00"
"","","POL02","","POLAND","ERA GSM (POLSKA TELEFONIA CYFROWA SP Z.O.O.)","14/02/2023 13:10:00","14/02/2023 13:10:00"
"","","POLP4","","POLAND","P4 SP. Z.O.O.","14/02/2023 13:10:00","14/02/2023 13:10:00"
"","","POLKM","","POLAND","POLKOMTEL SA","14/02/2023 13:10:00","14/02/2023 13:10:00"
"","","PRTOP","","PORTUGAL","SONAECOM - Serviços de Comunicações, S.A. ","14/02/2023 13:10:00","14/02/2023 13:10:00"
"","","PRTTL","","PORTUGAL","VODAFONE COMMUNICACOES PESSOAIS SA","14/02/2023 13:10:00","14/02/2023 13:10:00"
"","","PRTTM","","PORTUGAL","TMN (TELECOMUNICACOES MOVEIS NACIONAIS)","14/02/2023 13:10:00","14/02/2023 13:10:00"
"","","USAAT","","PUERTO RICO","AT&T MOBILITY (CINGULAR WIRELESS (FORMERLY AT&T))","14/02/2023 13:10:00","14/02/2023 13:10:00"
"","","USASC","","PUERTO RICO","SUNCOM WIRELESS OPERATING CY, INC (T-MOBILE USA)","14/02/2023 13:10:00","14/02/2023 13:10:00"
"","","PRICL","","PUERTO RICO","PUERTO RICO TELEPHONE CO d/b/a/ CLARO PR","14/02/2023 13:10:00","14/02/2023 13:10:00"
"","","QATQT","","QATAR","QATAR TELECOM Q.S.C. 'QTEL'","14/02/2023 13:10:00","14/02/2023 13:10:00"
"","","QATVF","","QATAR","VODAFONE QATAR","14/02/2023 13:10:00","14/02/2023 13:10:00"
"","","FRARE","","REUNION (LA)","SRR (SOCIETE REUNIONAISE DE RADIOTELEPHONE)","14/02/2023 13:10:00","14/02/2023 13:10:00"
"","","REU02","","REUNION (LA)","ORANGE REUNION","14/02/2023 13:10:00","14/02/2023 13:10:00"
"","","REUOT","","REUNION (LA)","OUTREMER TELECOM","14/02/2023 13:10:00","14/02/2023 13:10:00"
"","","ROMMF","","ROMANIA","VODAFONE ROMANIA SA (ex -CONNEX-MOBIFON) ","14/02/2023 13:10:00","14/02/2023 13:10:00"
"","","ROMMR","","ROMANIA","ORANGE SA (ex-MOBILROM)","14/02/2023 13:10:00","14/02/2023 13:10:00"
"","","ROMCS","","ROMANIA","SC COSMOTE ROMANIAN MOBILE TEL.SA ","14/02/2023 13:10:00","14/02/2023 13:10:00"
"","","ROM05","","ROMANIA","RCS & RDS SA","14/02/2023 13:10:00","14/02/2023 13:10:00"
"","","RUSBD","","RUSSIA","OJSC VIMPELCOM (JSC KB IMPULS)","14/02/2023 13:10:00","14/02/2023 13:10:00"
"","","RUS03","","RUSSIA","NCC  (NIZHEGORODSKAYA CELLULAR COMMUNICATIONS)","14/02/2023 13:10:00","14/02/2023 13:10:00"
"","","RUST2","","RUSSIA","TELE 2 RUSSIA TELECOM ","14/02/2023 13:10:00","14/02/2023 13:10:00"
"","","RUSSC","","RUSSIA","YENISEYTELECOM (ex- SCS - 900)","14/02/2023 13:10:00","14/02/2023 13:10:00"
"","","RUS01","","RUSSIA","MTS","14/02/2023 13:10:00","14/02/2023 13:10:00"
"","","RUSNW","","RUSSIA ","MEGAFON (NORTH WEST GSM)","14/02/2023 13:10:00","14/02/2023 13:10:00"
"","","RUSUT","","RUSSIA","OJSC URALSVYAZINFORM ","14/02/2023 13:10:00","14/02/2023 13:10:00"
"","","RUS07","","RUSSIA","PJSC SMARTS","14/02/2023 13:10:00","14/02/2023 13:10:00"
"","","RUS17","","RUSSIA","OJSC URALSVYAZINFORM ","14/02/2023 13:10:00","14/02/2023 13:10:00"
"","","RUSKH","","RUSSIA","CJSC BAYKALWESTCOM  ","14/02/2023 13:10:00","14/02/2023 13:10:00"
"","","RWAMN","","RWANDA","MTN-RWANDACELL","14/02/2023 13:10:00","14/02/2023 13:10:00"
"","","RWART","","RWANDA","RWANDATEL SA","14/02/2023 13:10:00","14/02/2023 13:10:00"
"","","RWATG","","RWANDA","TIGO RWANDA ","14/02/2023 13:10:00","14/02/2023 13:10:00"
"","","ARETH","","SATELLITE","THURAYA","14/02/2023 13:10:00","14/02/2023 13:10:00"
"","","ITAOM","","SAN MARINO","VODAFONE OMNITEL","14/02/2023 13:10:00","14/02/2023 13:10:00"
"","","ITASI","","SAN MARINO","TELECOM ITALIA SPA","14/02/2023 13:10:00","14/02/2023 13:10:00"
"","","ITAWI","","SAN MARINO","WIND TELECOMUNICAZIONI SPA","14/02/2023 13:10:00","14/02/2023 13:10:00"
"","","SMOSM","","SAN MARINO","SAN MARINO TELECOM S.p.A.","14/02/2023 13:10:00","14/02/2023 13:10:00"
"","","STPST","","SAO TOME AND PRINCIPE","CST- Companhia Santomense de Telecomunicações ","14/02/2023 13:10:00","14/02/2023 13:10:00"
"","","SAUAJ","","SAUDI ARABIA","SAUDI TELECOM COMPANY","14/02/2023 13:10:00","14/02/2023 13:10:00"
"","","SAUET","","SAUDI ARABIA","ETIHAD ETISALAT CO - MOBILY","14/02/2023 13:10:00","14/02/2023 13:10:00"
"","","SAUZN","","SAUDI ARABIA","MOBILE TEL.CY SAUDI ARABIA 'ZAIN'","14/02/2023 13:10:00","14/02/2023 13:10:00"
"","","YUGMT","","SERBIA (ex-YUGOSLAVIA)","TELENOR D.O.O. (ex-MOBTEL BK PTT)","14/02/2023 13:10:00","14/02/2023 13:10:00"
"","","YUGTS","","SERBIA (ex-YUGOSLAVIA)","TELEKOM SERBIJA A.D.","14/02/2023 13:10:00","14/02/2023 13:10:00"
"","","SRBNO","","SERBIA (ex-YUGOSLAVIA)","VIP MOBILE D.O.O.","14/02/2023 13:10:00","14/02/2023 13:10:00"
"","","SENAZ","","SENEGAL","ORANGE (SONATEL MOBILES)","14/02/2023 13:10:00","14/02/2023 13:10:00"
"","","SENSG","","SENEGAL","SENTEL GSM SA","14/02/2023 13:10:00","14/02/2023 13:10:00"
"","","SENEX","","SENEGAL","SUDAN TELECOM CO. LTD (EXPRESSO SENEGAL)","14/02/2023 13:10:00","14/02/2023 13:10:00"
"","","SYCCW","","SEYCHELLES","CABLE & WIRELESS SEYCHELLES LTD","14/02/2023 13:10:00","14/02/2023 13:10:00"
"","","SYCAT","","SEYCHELLES","TELECOM SEYCHELLES LIMITED","14/02/2023 13:10:00","14/02/2023 13:10:00"
"","","SLECT","","SIERRA LEONE","AIRTEL (SL) LIMITED (ex-ZAIN (SL) LTD)","14/02/2023 13:10:00","14/02/2023 13:10:00"
"","","SLEAC","","SIERRA LEONE","AFRICELL-LINTEL SIERRA LEONE LTD","14/02/2023 13:10:00","14/02/2023 13:10:00"
"","","SGPM1","","SINGAPORE","M1 LIMITED (MOBILEONE LTD)","14/02/2023 13:10:00","14/02/2023 13:10:00"
"","","SGPST","","SINGAPORE","SINGTEL MOBILE PTE LTD","14/02/2023 13:10:00","14/02/2023 13:10:00"
"","","SGPML","","SINGAPORE","SINGTEL MOBILE PTE LTD (900)","14/02/2023 13:10:00","14/02/2023 13:10:00"
"","","SGPSH","","SINGAPORE","STARHUB LTD","14/02/2023 13:10:00","14/02/2023 13:10:00"
"","","SVKET","","SLOVAK REPUBLIC","SLOVAK TELEKOM, a.s.","14/02/2023 13:10:00","14/02/2023 13:10:00"
"","","SVKO2","","SLOVAK REPUBLIC","TELEFONICA O2 S.R.O.","14/02/2023 13:10:00","14/02/2023 13:10:00"
"","","SVKGT","","SLOVAK REPUBLIC","ORANGE SLOVENSKO AS","14/02/2023 13:10:00","14/02/2023 13:10:00"
"","","SVNMT","","SLOVENIA","MOBITEL D.D.","14/02/2023 13:10:00","14/02/2023 13:10:00"
"","","SVNSM","","SLOVENIA","SI. MOBIL D.D.","14/02/2023 13:10:00","14/02/2023 13:10:00"
"","","SVNVG","","SLOVENIA","TUSMOBIL","14/02/2023 13:10:00","14/02/2023 13:10:00"
"","","SVNT2","","SLOVENIA","T-2 D.O.O","14/02/2023 13:10:00","14/02/2023 13:10:00"
"","","SLBBM","","SOLOMON ISLANDS","BMOBILE (SOLOMON ISLANDS ) LTD","14/02/2023 13:10:00","14/02/2023 13:10:00"
"","","SOM01","","SOMALIA","TELESOM COMPANY","14/02/2023 13:10:00","14/02/2023 13:10:00"
"","","ZAFMN","","SOUTH AFRICA","MTN PTY LTD","14/02/2023 13:10:00","14/02/2023 13:10:00"
"","","ZAFVC","","SOUTH AFRICA","VODACOM PTY LTD","14/02/2023 13:10:00","14/02/2023 13:10:00"
"","","ZAFCC","","SOUTH AFRICA","CELL C PTY LTD","14/02/2023 13:10:00","14/02/2023 13:10:00"
"","","ESPRT","","SPAIN","FRANCE TELECOM ESPANA AS ","14/02/2023 13:10:00","14/02/2023 13:10:00"
"","","ESPAT","","SPAIN","AIRTEL-VODAFONE","14/02/2023 13:10:00","14/02/2023 13:10:00"
"","","ESPVV","","SPAIN","AIRTEL-VODAFONE","14/02/2023 13:10:00","14/02/2023 13:10:00"
"","","ESPTE","","SPAIN","TELEFONICA MOVILES ESPANA SA","14/02/2023 13:10:00","14/02/2023 13:10:00"
"","","ESPT2","","SPAIN","TELEFONICA MOVILES ESPANA SA","14/02/2023 13:10:00","14/02/2023 13:10:00"
"","","ESPXF","","SPAIN","XFERA MOVILES S.A. (Yoigo-TeliaSonera Group)","14/02/2023 13:10:00","14/02/2023 13:10:00"
"","","LKADG","","SRI LANKA","DIALOG TELEKOM PLC ","14/02/2023 13:10:00","14/02/2023 13:10:00"
"","","LKA71","","SRI LANKA","MOBITEL PRIVATE LIMITED","14/02/2023 13:10:00","14/02/2023 13:10:00"
"","","LKACT","","SRI LANKA","ETISALAT LANKA LIMITED","14/02/2023 13:10:00","14/02/2023 13:10:00"
"","","LKAHT","","SRI LANKA","HUTCHINSON TEL. LANKA PVT Ltd (HTLL)","14/02/2023 13:10:00","14/02/2023 13:10:00"
"","","FRAF4","","ST BARTHELEMY (FR.ANTILLES)","DIGICEL ANTILLES FRANCAISE GUYANE","14/02/2023 13:10:00","14/02/2023 13:10:00"
"","","GLP01","","ST BARTHELEMY (FR.ANTILLES)","ORANGE CARAIBE","14/02/2023 13:10:00","14/02/2023 13:10:00"
"","","GLPDT","","ST BARTHELEMY (FR.ANTILLES)","DAUPHIN TELECOM","14/02/2023 13:10:00","14/02/2023 13:10:00"
"","","JAMDC","","ST KITTS & NEVIS","DIGICEL","14/02/2023 13:10:00","14/02/2023 13:10:00"
"","","KNACW","","ST KITTS & NEVIS","CABLE & WIRELESS (WEST INDIES)","14/02/2023 13:10:00","14/02/2023 13:10:00"
"","","JAMDC","","ST LUCIA","DIGICEL","14/02/2023 13:10:00","14/02/2023 13:10:00"
"","","LCACW","","ST LUCIA","CABLE & WIRELESS (WEST INDIES)","14/02/2023 13:10:00","14/02/2023 13:10:00"
"","","ANTTC","","ST MAARTEN (NETHERL. ANTILLES)","TELCELL NV","14/02/2023 13:10:00","14/02/2023 13:10:00"
"","","FRAF4","","ST MARTIN (FR.ANTILLES)","DIGICEL ANTILLES FRANCAISE GUYANE","14/02/2023 13:10:00","14/02/2023 13:10:00"
"","","GLP01","","ST MARTIN (FR.ANTILLES)","ORANGE CARAIBE","14/02/2023 13:10:00","14/02/2023 13:10:00"
"","","GLPDT","","ST MARTIN (FR.ANTILLES)","DAUPHIN TELECOM","14/02/2023 13:10:00","14/02/2023 13:10:00"
"","","JAMDC","","ST VINCENT","DIGICEL","14/02/2023 13:10:00","14/02/2023 13:10:00"
"","","VCTCW","","ST VINCENT","CABLE & WIRELESS (WEST INDIES)","14/02/2023 13:10:00","14/02/2023 13:10:00"
"","","SUDMO","","SUDAN","ZAIN SD (MOBITEL (SUDANESE MOBILE TEL.COLTED))","14/02/2023 13:10:00","14/02/2023 13:10:00"
"","","SDNBT","","SUDAN","MTN SUDAN CO. LTD","14/02/2023 13:10:00","14/02/2023 13:10:00"
"","","SURTG","","SURINAME","TELESUR","14/02/2023 13:10:00","14/02/2023 13:10:00"
"","","SURDC","","SURINAME","DIGICEL SURINAME N.V.","14/02/2023 13:10:00","14/02/2023 13:10:00"
"","","SWZMN","","SWAZILAND","SWAZI MTN LIMITED","14/02/2023 13:10:00","14/02/2023 13:10:00"
"","","AAZTC","","SWEDEN","TELENOR SVERIGE AB ","14/02/2023 13:10:00","14/02/2023 13:10:00"
"","","SWEHU","","SWEDEN","HI3G ACCESS AB SWEDEN","14/02/2023 13:10:00","14/02/2023 13:10:00"
"","","SWEIQ","","SWEDEN","TELE2 SVERIGE AB","14/02/2023 13:10:00","14/02/2023 13:10:00"
"","","SWEEP","","SWEDEN","TELENOR SVERIGE AB ","14/02/2023 13:10:00","14/02/2023 13:10:00"
"","","SWESM","","SWEDEN","TELE2 SVERIGE AB","14/02/2023 13:10:00","14/02/2023 13:10:00"
"","","SWETR","","SWEDEN","TELIA SONERA MOBILE NETWORKS AB","14/02/2023 13:10:00","14/02/2023 13:10:00"
"","","CHEOR","","SWITZERLAND","ORANGE COMMUNICATIONS SA","14/02/2023 13:10:00","14/02/2023 13:10:00"
"","","CHEDX","","SWITZERLAND","SUNRISE COMMUNICATIONS AG","14/02/2023 13:10:00","14/02/2023 13:10:00"
"","","CHEC1","","SWITZERLAND","SWISSCOM MOBILE (ex-TELECOM FL)","14/02/2023 13:10:00","14/02/2023 13:10:00"
"","","SYR01","","SYRIA","SYRIATEL  MOBILE TELECOM SA","14/02/2023 13:10:00","14/02/2023 13:10:00"
"","","SYRSP","","SYRIA","MTN SYRIA","14/02/2023 13:10:00","14/02/2023 13:10:00"
"","","TWNLD","","TAIWAN","CHUNGHWA TELECOM MOBILE BUSINESS GROUP","14/02/2023 13:10:00","14/02/2023 13:10:00"
"","","TWNPC","","TAIWAN","TAIWAN MOBILE CO.","14/02/2023 13:10:00","14/02/2023 13:10:00"
"","","TWNFE","","TAIWAN","FAR EASTTONE TELECOMMUNICATIONS CO LTD","14/02/2023 13:10:00","14/02/2023 13:10:00"
"","","TJKIT","","TAJIKISTAN SOUTH","CJSC INDIGO","14/02/2023 13:10:00","14/02/2023 13:10:00"
"","","TJK91","","TAJIKISTAN SOUTH","TACOM LLC ""BEELINE""","14/02/2023 13:10:00","14/02/2023 13:10:00"
"","","TJK01","","TAJIKISTAN NORTH","CJSC SOMONCOM 'TCELL' (ex-INDIGO)","14/02/2023 13:10:00","14/02/2023 13:10:00"
"","","TJKBM","","TAJIKISTAN NORTH","BABILON MOBILE TAJIKISTAN","14/02/2023 13:10:00","14/02/2023 13:10:00"
"","","TZAVC","","TANZANIA","VODACOM TANZANIA LTD","14/02/2023 13:10:00","14/02/2023 13:10:00"
"","","TZACT","","TANZANIA","AIRTEL TANZANIA LIMITED","14/02/2023 13:10:00","14/02/2023 13:10:00"
"","","TZAZN","","TANZANIA","ZANZIBAR TELECOM LIMITED - ZANTEL","14/02/2023 13:10:00","14/02/2023 13:10:00"
"","","TZAMB","","TANZANIA","MIC TANZANIA LTD. 'TIGO' ","14/02/2023 13:10:00","14/02/2023 13:10:00"
"","","THAAS","","THAILAND","AIS (ADVANCED INFO SERVICE PUBLIC COMPANY)","14/02/2023 13:10:00","14/02/2023 13:10:00"
"","","THACO","","THAILAND","TRUE MOVE CO LTD ","14/02/2023 13:10:00","14/02/2023 13:10:00"
"","","THAWP","","THAILAND","DTAC ","14/02/2023 13:10:00","14/02/2023 13:10:00"
"","","TLSTL","","TIMOR LESTE","TIMOR TELECOM S.A.","14/02/2023 13:10:00","14/02/2023 13:10:00"
"","","TGOTC","","TOGO","TOGO CELLULAIRE","14/02/2023 13:10:00","14/02/2023 13:10:00"
"","","TGOTL","","TOGO","MOOV TOGO 'Atlantique Telecom'","14/02/2023 13:10:00","14/02/2023 13:10:00"
"","","TONDP","","TONGA","DIGICEL TONGA LIMITED","14/02/2023 13:10:00","14/02/2023 13:10:00"
"","","TTODL","","TRINIDAD & TOBAGO","DIGICEL TRINIDAD","14/02/2023 13:10:00","14/02/2023 13:10:00"
"","","TTO12","","TRINIDAD & TOBAGO","TEL. SERVICES of TRINIDAD & TOBAGO LTD","14/02/2023 13:10:00","14/02/2023 13:10:00"
"","","TUNTT","","TUNESIA","TUNESIE TELECOM","14/02/2023 13:10:00","14/02/2023 13:10:00"
"","","TUNTA","","TUNESIA","TUNISIANA (ORASCOM TELECOM TUNISIE SA)","14/02/2023 13:10:00","14/02/2023 13:10:00"
"","","TUNOR","","TUNESIA","ORANGE TUNESIE","14/02/2023 13:10:00","14/02/2023 13:10:00"
"","","TURTS","","TURKEY","VODAFONE TELEKOMUNIKASYON AS ","14/02/2023 13:10:00","14/02/2023 13:10:00"
"","","TURTC","","TURKEY","TURKCELL ILETISIM HIZMETLERI AS","14/02/2023 13:10:00","14/02/2023 13:10:00"
"","","TURAC","","TURKEY","AVEA (AYCELL)","14/02/2023 13:10:00","14/02/2023 13:10:00"
"","","TURIS","","TURKEY","AVEA (ARIA)","14/02/2023 13:10:00","14/02/2023 13:10:00"
"","","TKMBC","","TURKMENISTAN","BCTI (BARASH COMMUNICATION TECHNOLOGIES INC)","14/02/2023 13:10:00","14/02/2023 13:10:00"
"","","JAMDC","","TURKS AND CAICOS","DIGICEL","14/02/2023 13:10:00","14/02/2023 13:10:00"
"","","TCACW","","TURKS AND CAICOS","CABLE & WIRELESS (WEST INDIES)","14/02/2023 13:10:00","14/02/2023 13:10:00"
"","","UGACE","","UGANDA","AIRTEL (ZAIN (CELTEL LTD))","14/02/2023 13:10:00","14/02/2023 13:10:00"
"","","UGAMN","","UGANDA","MTN UGANDA LTD","14/02/2023 13:10:00","14/02/2023 13:10:00"
"","","UGAWT","","UGANDA","WARID TELECOM UGANDA LIMITED","14/02/2023 13:10:00","14/02/2023 13:10:00"
"","","UKRUM","","UKRAINE","MTS (ex-UMC (UKRAINIAN MOBILE COMMUNCIATIONS))","14/02/2023 13:10:00","14/02/2023 13:10:00"
"","","UKRKS","","UKRAINE","KYIVSTAR GSM","14/02/2023 13:10:00","14/02/2023 13:10:00"
"","","UKRAS","","UKRAINE","ASTELIT LLC 'LIFE'","14/02/2023 13:10:00","14/02/2023 13:10:00"
"","","UKRUT","","UKRAINE","UKRTELECOM, Open Joint Stock Company","14/02/2023 13:10:00","14/02/2023 13:10:00"
"","","UKRRS","","UKRAINE","CJSC UKRAINIAN RADIO SYSTEMS","14/02/2023 13:10:00","14/02/2023 13:10:00"
"","","AREDU","","UNITED ARAB EMIRATES","du' - EMIRATES INTEGRATED TEL. Cie PJSC","14/02/2023 13:10:00","14/02/2023 13:10:00"
"","","ARETC","","UNITED ARAB EMIRATES","ETISALAT (EMIRATES TEL.CORP.)","14/02/2023 13:10:00","14/02/2023 13:10:00"
"","","GBRCN","","UNITED KINGDOM","TELEFONICA O2 UK LTD (ex-BT CELLNET)","14/02/2023 13:10:00","14/02/2023 13:10:00"
"","","GBRC9","","UNITED KINGDOM","CLOUD 9 COMMUNICATIONS","14/02/2023 13:10:00","14/02/2023 13:10:00"
"","","GBROR","","UNITED KINGDOM","EVERYTHING EVERYWHERE LIMITED","14/02/2023 13:10:00","14/02/2023 13:10:00"
"","","GBRVF","","UNITED KINGDOM","VODAFONE LTD","14/02/2023 13:10:00","14/02/2023 13:10:00"
"","","GBRME","","UNITED KINGDOM","EVERYTHING EVERYWHERE LIMITED ","14/02/2023 13:10:00","14/02/2023 13:10:00"
"","","GBRHU","","UNITED KINGDOM","HUTCHISON 3G UK LTD","14/02/2023 13:10:00","14/02/2023 13:10:00"
"","","GBRTR","","UNITED KINGDOM","SOFTWARE CELLULAR NETWORK LTD (TRUPHONE LTD) ","14/02/2023 13:10:00","14/02/2023 13:10:00"
"","","URYAN","","URUGUAY","ANTEL","14/02/2023 13:10:00","14/02/2023 13:10:00"
"","","URYAM","","URUGUAY","AM Wireless Uruguay S.A. 'CLARO'","14/02/2023 13:10:00","14/02/2023 13:10:00"
"","","URYTM","","URUGUAY","TELEFONICA MOVILES DE URUGUAY","14/02/2023 13:10:00","14/02/2023 13:10:00"
"","","USAWW","","U.S.A.","ALLTEL COMMUNICATIONS INC. (WESTERN WIRELESS)","14/02/2023 13:10:00","14/02/2023 13:10:00"
"","","USAAT","","U.S.A.","AT&T MOBILITY","14/02/2023 13:10:00","14/02/2023 13:10:00"
"","","USAPB","","U.S.A.","AT&T MOBILITY (CINGULAR WIRELESS West)","14/02/2023 13:10:00","14/02/2023 13:10:00"
"","","USABS","","U.S.A.","AT&T MOBILITY (CINGULAR WIRELESS East)","14/02/2023 13:10:00","14/02/2023 13:10:00"
"","","USACG","","U.S.A.","AT&T MOBILITY (CINGULAR GENESIS)","14/02/2023 13:10:00","14/02/2023 13:10:00"
"","","USA16","","U.S.A.","T-MOBILE (VOICESTREAM) - NEW YORK (OMNIPOINT)","14/02/2023 13:10:00","14/02/2023 13:10:00"
"","","USAW0","","U.S.A.","T-MOBILE (VOICESTREAM)  - PORTLAND","14/02/2023 13:10:00","14/02/2023 13:10:00"
"","","USAW1","","U.S.A.","T-MOBILE (VOICESTREAM)","14/02/2023 13:10:00","14/02/2023 13:10:00"
"","","USAW2","","U.S.A.","T-MOBILE (VOICESTREAM) - OKLAHOMA CITY","14/02/2023 13:10:00","14/02/2023 13:10:00"
"","","USAW3","","U.S.A.","T-MOBILE (VOICESTREAM) - SALT LAKE CITY","14/02/2023 13:10:00","14/02/2023 13:10:00"
"","","USAW4","","U.S.A.","T-MOBILE (VOICESTREAM) - ALBURQUE","14/02/2023 13:10:00","14/02/2023 13:10:00"
"","","USAW5","","U.S.A.","T-MOBILE (VOICESTREAM) - HAWAII","14/02/2023 13:10:00","14/02/2023 13:10:00"
"","","USAW6","","U.S.A.","T-MOBILE (VOICESTREAM) - DENVER","14/02/2023 13:10:00","14/02/2023 13:10:00"
"","","USA27","","U.S.A.","T-MOBILE (VOICESTREAM) - JACKSONVILLE ","14/02/2023 13:10:00","14/02/2023 13:10:00"
"","","USA31","","U.S.A.","T-MOBILE (VOICESTREAM)  - TAMPA (FORMERLY AERIAL)","14/02/2023 13:10:00","14/02/2023 13:10:00"
"","","USAWW","","U.S.A.","ALLTEL COMMUNICATIONS INC. (ex-MANX TEL.)","14/02/2023 13:10:00","14/02/2023 13:10:00"
"","","USANC","","U.S.A.","SPRINT NEXTEL","14/02/2023 13:10:00","14/02/2023 13:10:00"
"","","USASC","","U.S.A.","SUNCOM WIRELESS OPERATING COMPANY, INC (T-MOBILE USA)","14/02/2023 13:10:00","14/02/2023 13:10:00"
"","","USACI","","U.S.A.","VIAERO WIRELESS ","14/02/2023 13:10:00","14/02/2023 13:10:00"
"","","NR","","U.S.A.","COMMNET AMERICA","14/02/2023 13:10:00","14/02/2023 13:10:00"
"","","USACW","","U.S.A.","KEYSTONE WIRELESS LLC d/b/a Immix Wireless","14/02/2023 13:10:00","14/02/2023 13:10:00"
"","","USAJS","","U.S.A.","JASPER WIRELESS Inc.","14/02/2023 13:10:00","14/02/2023 13:10:00"
"","","INTJS","","U.S.A.","JASPER WIRELESS Inc.","14/02/2023 13:10:00","14/02/2023 13:10:00"
"","","USAAT","","US VIRGIN ISLANDS","CINGULAR WIRELESS (FORMERLY AT&T)","14/02/2023 13:10:00","14/02/2023 13:10:00"
"","","USASC","","US VIRGIN ISLANDS","T-MOBILE","14/02/2023 13:10:00","14/02/2023 13:10:00"
"","","UZB05","","UZBEKISTAN","UCELL (COSCOM JV)","14/02/2023 13:10:00","14/02/2023 13:10:00"
"","","UZB07","","UZBEKISTAN","UZDUNROBITA 'MTS'","14/02/2023 13:10:00","14/02/2023 13:10:00"
"","","UZBDU","","UZBEKISTAN","UNITEL LLC","14/02/2023 13:10:00","14/02/2023 13:10:00"
"","","VEN01","","VENEZUELA","CORPORACION DIGITEL C.A.","14/02/2023 13:10:00","14/02/2023 13:10:00"
"","","VEND2","","VENEZUELA","CORPORACION DIGITEL C.A.","14/02/2023 13:10:00","14/02/2023 13:10:00"
"","","VEND3","","VENEZUELA","CORPORACION DIGITEL C.A.","14/02/2023 13:10:00","14/02/2023 13:10:00"
"","","VENMS","","VENEZUELA","TELCEL C.A. 'TELEFONICA'","14/02/2023 13:10:00","14/02/2023 13:10:00"
"","","VENMV","","VENEZUELA","TELECOMINICACIONES MOVILNET C.A","14/02/2023 13:10:00","14/02/2023 13:10:00"
"","","VNMBL","","VIETNAM","GTEL MOBILE LTD","14/02/2023 13:10:00","14/02/2023 13:10:00"
"","","VNMVI","","VIETNAM","VINAPHONE (VIETNAM TELECOM SERVICES COMPANY)","14/02/2023 13:10:00","14/02/2023 13:10:00"
"","","VNMMO","","VIETNAM","MOBIFONE (VIETNAM MOBILE TELECOM SERVICES CO.)","14/02/2023 13:10:00","14/02/2023 13:10:00"
"","","VNMVT","","VIETNAM","VIETTEL CORPORATION","14/02/2023 13:10:00","14/02/2023 13:10:00"
"","","WSMDP","","WESTERN SAMOA","DIGICEL SAMOA LIMITED","14/02/2023 13:10:00","14/02/2023 13:10:00"
"","","YEMSA","","YEMEN","SABAFON (YEMEN COMPANY FOR MOBILE TELEPHONY)","14/02/2023 13:10:00","14/02/2023 13:10:00"
"","","YEMYY","","YEMEN","Y – TELECOM SA","14/02/2023 13:10:00","14/02/2023 13:10:00"
"","","ZMBCE","","ZAMBIA","ZAIN (CELTEL ZAMBIA LTD)","14/02/2023 13:10:00","14/02/2023 13:10:00"
"","","ZMBCZ","","ZAMBIA","ZAMBIA TELECOMMUNICATIONS COMPANY LTD ","14/02/2023 13:10:00","14/02/2023 13:10:00"
"","","ZMB02","","ZAMBIA","MTN ZAMBIA","14/02/2023 13:10:00","14/02/2023 13:10:00"
"","","ZWEN1","","ZIMBABWE","NETONE","14/02/2023 13:10:00","14/02/2023 13:10:00"
"","","ZWEN3","","ZIMBABWE","TELECEL ZIMBABWE PVT LTD","14/02/2023 13:10:00","14/02/2023 13:10:00"
"","","ZWEET","","ZIMBABWE","ECONET WIRELESS PRIVATE LTD","14/02/2023 13:10:00","14/02/2023 13:10:00"
